LOGICAL_SUB_QUERY_ALIAS_TO_LOGICAL_PROJECT	LogicalResultSink[30] ( outputExprs=[c_custkey#0, o_orderkey#8, l_linenumber#20, o_orderdate#12] ), states: []
+--LogicalSort[28] ( orderKeys=[o_orderdate#12 asc null first, o_orderkey#8 asc null first, l_linenumber#20 asc null first] ), states: []
   +--LogicalProject[18] ( distinct=false, projects=[c_custkey#0, o_orderkey#8, l_linenumber#20, o_orderdate#12] ), states: []
      +--LogicalFilter[27] ( predicates=AND[(c_mktsegment#6 = 'BUILDING'),(o_orderdate#12 < 1995-03-15),(l_shipdate#27 > 1995-03-15)] ), states: []
         +--LogicalJoin[26] ( type=INNER_JOIN, markJoinSlotReference=Optional.empty, hashJoinConjuncts=[], otherJoinConjuncts=[(o_orderkey#8 = l_orderkey#17)], markJoinConjuncts=[] ), states: []
            |--LogicalJoin[24] ( type=INNER_JOIN, markJoinSlotReference=Optional.empty, hashJoinConjuncts=[], otherJoinConjuncts=[(c_custkey#0 = o_custkey#9)], markJoinConjuncts=[] ), states: []
            |  |--**LogicalSubQueryAlias ( qualifier=[c] ), states: []
            |  |  +--LogicalOlapScan[22] ( qualified=internal.regression_test_nereids_tpch_p0.customer, indexName=<index_not_selected>, selectedIndexId=1784297227142, preAgg=UNSET, operativeCol=[], virtualColumns=[] ), states: [rewrite_state: RewriteStateContext{rewriteState=REWRITTEN, batchId=11776}]
            |  +--LogicalSubQueryAlias ( qualifier=[o] ), states: []
            |     +--LogicalOlapScan[23] ( qualified=internal.regression_test_nereids_tpch_p0.orders, indexName=<index_not_selected>, selectedIndexId=1784297227176, preAgg=UNSET, operativeCol=[], virtualColumns=[] ), states: [rewrite_state: RewriteStateContext{rewriteState=REWRITTEN, batchId=11776}]
            +--LogicalSubQueryAlias ( qualifier=[l] ), states: []
               +--LogicalOlapScan[25] ( qualified=internal.regression_test_nereids_tpch_p0.lineitem, indexName=<index_not_selected>, selectedIndexId=1784297227153, preAgg=UNSET, operativeCol=[], virtualColumns=[] ), states: [rewrite_state: RewriteStateContext{rewriteState=REWRITTEN, batchId=11776}]	LogicalResultSink[30] ( outputExprs=[c_custkey#0, o_orderkey#8, l_linenumber#20, o_orderdate#12] ), states: []
+--LogicalSort[28] ( orderKeys=[o_orderdate#12 asc null first, o_orderkey#8 asc null first, l_linenumber#20 asc null first] ), states: []
   +--LogicalProject[18] ( distinct=false, projects=[c_custkey#0, o_orderkey#8, l_linenumber#20, o_orderdate#12] ), states: []
      +--LogicalFilter[27] ( predicates=AND[(c_mktsegment#6 = 'BUILDING'),(o_orderdate#12 < 1995-03-15),(l_shipdate#27 > 1995-03-15)] ), states: []
         +--LogicalJoin[26] ( type=INNER_JOIN, markJoinSlotReference=Optional.empty, hashJoinConjuncts=[], otherJoinConjuncts=[(o_orderkey#8 = l_orderkey#17)], markJoinConjuncts=[] ), states: []
            |--LogicalJoin[24] ( type=INNER_JOIN, markJoinSlotReference=Optional.empty, hashJoinConjuncts=[], otherJoinConjuncts=[(c_custkey#0 = o_custkey#9)], markJoinConjuncts=[] ), states: []
            |  |--**LogicalProject[31] ( distinct=false, projects=[C_CUSTKEY#0, C_NAME#1, C_ADDRESS#2, C_NATIONKEY#3, C_PHONE#4, C_ACCTBAL#5, C_MKTSEGMENT#6, C_COMMENT#7] ), states: []
            |  |  +--LogicalOlapScan[22] ( qualified=internal.regression_test_nereids_tpch_p0.customer, alias=c, indexName=<index_not_selected>, selectedIndexId=1784297227142, preAgg=UNSET, operativeCol=[], virtualColumns=[] ), states: []
            |  +--LogicalSubQueryAlias ( qualifier=[o] ), states: []
            |     +--LogicalOlapScan[23] ( qualified=internal.regression_test_nereids_tpch_p0.orders, indexName=<index_not_selected>, selectedIndexId=1784297227176, preAgg=UNSET, operativeCol=[], virtualColumns=[] ), states: [rewrite_state: RewriteStateContext{rewriteState=REWRITTEN, batchId=11776}]
            +--LogicalSubQueryAlias ( qualifier=[l] ), states: []
               +--LogicalOlapScan[25] ( qualified=internal.regression_test_nereids_tpch_p0.lineitem, indexName=<index_not_selected>, selectedIndexId=1784297227153, preAgg=UNSET, operativeCol=[], virtualColumns=[] ), states: [rewrite_state: RewriteStateContext{rewriteState=REWRITTEN, batchId=11776}]
LOGICAL_SUB_QUERY_ALIAS_TO_LOGICAL_PROJECT	LogicalResultSink[30] ( outputExprs=[c_custkey#0, o_orderkey#8, l_linenumber#20, o_orderdate#12] ), states: []
+--LogicalSort[28] ( orderKeys=[o_orderdate#12 asc null first, o_orderkey#8 asc null first, l_linenumber#20 asc null first] ), states: []
   +--LogicalProject[18] ( distinct=false, projects=[c_custkey#0, o_orderkey#8, l_linenumber#20, o_orderdate#12] ), states: []
      +--LogicalFilter[27] ( predicates=AND[(c_mktsegment#6 = 'BUILDING'),(o_orderdate#12 < 1995-03-15),(l_shipdate#27 > 1995-03-15)] ), states: []
         +--LogicalJoin[26] ( type=INNER_JOIN, markJoinSlotReference=Optional.empty, hashJoinConjuncts=[], otherJoinConjuncts=[(o_orderkey#8 = l_orderkey#17)], markJoinConjuncts=[] ), states: []
            |--LogicalJoin[24] ( type=INNER_JOIN, markJoinSlotReference=Optional.empty, hashJoinConjuncts=[], otherJoinConjuncts=[(c_custkey#0 = o_custkey#9)], markJoinConjuncts=[] ), states: []
            |  |--LogicalProject[31] ( distinct=false, projects=[C_CUSTKEY#0, C_NAME#1, C_ADDRESS#2, C_NATIONKEY#3, C_PHONE#4, C_ACCTBAL#5, C_MKTSEGMENT#6, C_COMMENT#7] ), states: []
            |  |  +--LogicalOlapScan[22] ( qualified=internal.regression_test_nereids_tpch_p0.customer, alias=c, indexName=<index_not_selected>, selectedIndexId=1784297227142, preAgg=UNSET, operativeCol=[], virtualColumns=[] ), states: []
            |  +--**LogicalSubQueryAlias ( qualifier=[o] ), states: []
            |     +--LogicalOlapScan[23] ( qualified=internal.regression_test_nereids_tpch_p0.orders, indexName=<index_not_selected>, selectedIndexId=1784297227176, preAgg=UNSET, operativeCol=[], virtualColumns=[] ), states: [rewrite_state: RewriteStateContext{rewriteState=REWRITTEN, batchId=11776}]
            +--LogicalSubQueryAlias ( qualifier=[l] ), states: []
               +--LogicalOlapScan[25] ( qualified=internal.regression_test_nereids_tpch_p0.lineitem, indexName=<index_not_selected>, selectedIndexId=1784297227153, preAgg=UNSET, operativeCol=[], virtualColumns=[] ), states: [rewrite_state: RewriteStateContext{rewriteState=REWRITTEN, batchId=11776}]	LogicalResultSink[30] ( outputExprs=[c_custkey#0, o_orderkey#8, l_linenumber#20, o_orderdate#12] ), states: []
+--LogicalSort[28] ( orderKeys=[o_orderdate#12 asc null first, o_orderkey#8 asc null first, l_linenumber#20 asc null first] ), states: []
   +--LogicalProject[18] ( distinct=false, projects=[c_custkey#0, o_orderkey#8, l_linenumber#20, o_orderdate#12] ), states: []
      +--LogicalFilter[27] ( predicates=AND[(c_mktsegment#6 = 'BUILDING'),(o_orderdate#12 < 1995-03-15),(l_shipdate#27 > 1995-03-15)] ), states: []
         +--LogicalJoin[26] ( type=INNER_JOIN, markJoinSlotReference=Optional.empty, hashJoinConjuncts=[], otherJoinConjuncts=[(o_orderkey#8 = l_orderkey#17)], markJoinConjuncts=[] ), states: []
            |--LogicalJoin[24] ( type=INNER_JOIN, markJoinSlotReference=Optional.empty, hashJoinConjuncts=[], otherJoinConjuncts=[(c_custkey#0 = o_custkey#9)], markJoinConjuncts=[] ), states: []
            |  |--LogicalProject[31] ( distinct=false, projects=[C_CUSTKEY#0, C_NAME#1, C_ADDRESS#2, C_NATIONKEY#3, C_PHONE#4, C_ACCTBAL#5, C_MKTSEGMENT#6, C_COMMENT#7] ), states: []
            |  |  +--LogicalOlapScan[22] ( qualified=internal.regression_test_nereids_tpch_p0.customer, alias=c, indexName=<index_not_selected>, selectedIndexId=1784297227142, preAgg=UNSET, operativeCol=[], virtualColumns=[] ), states: []
            |  +--**LogicalProject[44] ( distinct=false, projects=[O_ORDERKEY#8, O_CUSTKEY#9, O_ORDERSTATUS#10, O_TOTALPRICE#11, O_ORDERDATE#12, O_ORDERPRIORITY#13, O_CLERK#14, O_SHIPPRIORITY#15, O_COMMENT#16] ), states: []
            |     +--LogicalOlapScan[23] ( qualified=internal.regression_test_nereids_tpch_p0.orders, alias=o, indexName=<index_not_selected>, selectedIndexId=1784297227176, preAgg=UNSET, operativeCol=[], virtualColumns=[] ), states: []
            +--LogicalSubQueryAlias ( qualifier=[l] ), states: []
               +--LogicalOlapScan[25] ( qualified=internal.regression_test_nereids_tpch_p0.lineitem, indexName=<index_not_selected>, selectedIndexId=1784297227153, preAgg=UNSET, operativeCol=[], virtualColumns=[] ), states: [rewrite_state: RewriteStateContext{rewriteState=REWRITTEN, batchId=11776}]
LOGICAL_SUB_QUERY_ALIAS_TO_LOGICAL_PROJECT	LogicalResultSink[30] ( outputExprs=[c_custkey#0, o_orderkey#8, l_linenumber#20, o_orderdate#12] ), states: []
+--LogicalSort[28] ( orderKeys=[o_orderdate#12 asc null first, o_orderkey#8 asc null first, l_linenumber#20 asc null first] ), states: []
   +--LogicalProject[18] ( distinct=false, projects=[c_custkey#0, o_orderkey#8, l_linenumber#20, o_orderdate#12] ), states: []
      +--LogicalFilter[27] ( predicates=AND[(c_mktsegment#6 = 'BUILDING'),(o_orderdate#12 < 1995-03-15),(l_shipdate#27 > 1995-03-15)] ), states: []
         +--LogicalJoin[26] ( type=INNER_JOIN, markJoinSlotReference=Optional.empty, hashJoinConjuncts=[], otherJoinConjuncts=[(o_orderkey#8 = l_orderkey#17)], markJoinConjuncts=[] ), states: []
            |--LogicalJoin[24] ( type=INNER_JOIN, markJoinSlotReference=Optional.empty, hashJoinConjuncts=[], otherJoinConjuncts=[(c_custkey#0 = o_custkey#9)], markJoinConjuncts=[] ), states: []
            |  |--LogicalProject[31] ( distinct=false, projects=[C_CUSTKEY#0, C_NAME#1, C_ADDRESS#2, C_NATIONKEY#3, C_PHONE#4, C_ACCTBAL#5, C_MKTSEGMENT#6, C_COMMENT#7] ), states: []
            |  |  +--LogicalOlapScan[22] ( qualified=internal.regression_test_nereids_tpch_p0.customer, alias=c, indexName=<index_not_selected>, selectedIndexId=1784297227142, preAgg=UNSET, operativeCol=[], virtualColumns=[] ), states: []
            |  +--LogicalProject[44] ( distinct=false, projects=[O_ORDERKEY#8, O_CUSTKEY#9, O_ORDERSTATUS#10, O_TOTALPRICE#11, O_ORDERDATE#12, O_ORDERPRIORITY#13, O_CLERK#14, O_SHIPPRIORITY#15, O_COMMENT#16] ), states: []
            |     +--LogicalOlapScan[23] ( qualified=internal.regression_test_nereids_tpch_p0.orders, alias=o, indexName=<index_not_selected>, selectedIndexId=1784297227176, preAgg=UNSET, operativeCol=[], virtualColumns=[] ), states: []
            +--**LogicalSubQueryAlias ( qualifier=[l] ), states: []
               +--LogicalOlapScan[25] ( qualified=internal.regression_test_nereids_tpch_p0.lineitem, indexName=<index_not_selected>, selectedIndexId=1784297227153, preAgg=UNSET, operativeCol=[], virtualColumns=[] ), states: [rewrite_state: RewriteStateContext{rewriteState=REWRITTEN, batchId=11776}]	LogicalResultSink[30] ( outputExprs=[c_custkey#0, o_orderkey#8, l_linenumber#20, o_orderdate#12] ), states: []
+--LogicalSort[28] ( orderKeys=[o_orderdate#12 asc null first, o_orderkey#8 asc null first, l_linenumber#20 asc null first] ), states: []
   +--LogicalProject[18] ( distinct=false, projects=[c_custkey#0, o_orderkey#8, l_linenumber#20, o_orderdate#12] ), states: []
      +--LogicalFilter[27] ( predicates=AND[(c_mktsegment#6 = 'BUILDING'),(o_orderdate#12 < 1995-03-15),(l_shipdate#27 > 1995-03-15)] ), states: []
         +--LogicalJoin[26] ( type=INNER_JOIN, markJoinSlotReference=Optional.empty, hashJoinConjuncts=[], otherJoinConjuncts=[(o_orderkey#8 = l_orderkey#17)], markJoinConjuncts=[] ), states: []
            |--LogicalJoin[24] ( type=INNER_JOIN, markJoinSlotReference=Optional.empty, hashJoinConjuncts=[], otherJoinConjuncts=[(c_custkey#0 = o_custkey#9)], markJoinConjuncts=[] ), states: []
            |  |--LogicalProject[31] ( distinct=false, projects=[C_CUSTKEY#0, C_NAME#1, C_ADDRESS#2, C_NATIONKEY#3, C_PHONE#4, C_ACCTBAL#5, C_MKTSEGMENT#6, C_COMMENT#7] ), states: []
            |  |  +--LogicalOlapScan[22] ( qualified=internal.regression_test_nereids_tpch_p0.customer, alias=c, indexName=<index_not_selected>, selectedIndexId=1784297227142, preAgg=UNSET, operativeCol=[], virtualColumns=[] ), states: []
            |  +--LogicalProject[44] ( distinct=false, projects=[O_ORDERKEY#8, O_CUSTKEY#9, O_ORDERSTATUS#10, O_TOTALPRICE#11, O_ORDERDATE#12, O_ORDERPRIORITY#13, O_CLERK#14, O_SHIPPRIORITY#15, O_COMMENT#16] ), states: []
            |     +--LogicalOlapScan[23] ( qualified=internal.regression_test_nereids_tpch_p0.orders, alias=o, indexName=<index_not_selected>, selectedIndexId=1784297227176, preAgg=UNSET, operativeCol=[], virtualColumns=[] ), states: []
            +--**LogicalProject[57] ( distinct=false, projects=[L_ORDERKEY#17, L_PARTKEY#18, L_SUPPKEY#19, L_LINENUMBER#20, L_QUANTITY#21, L_EXTENDEDPRICE#22, L_DISCOUNT#23, L_TAX#24, L_RETURNFLAG#25, L_LINESTATUS#26, L_SHIPDATE#27, L_COMMITDATE#28, L_RECEIPTDATE#29, L_SHIPINSTRUCT#30, L_SHIPMODE#31, L_COMMENT#32] ), states: []
               +--LogicalOlapScan[25] ( qualified=internal.regression_test_nereids_tpch_p0.lineitem, alias=l, indexName=<index_not_selected>, selectedIndexId=1784297227153, preAgg=UNSET, operativeCol=[], virtualColumns=[] ), states: []
INFER_FILTER_NOT_NULL	LogicalResultSink[30] ( outputExprs=[c_custkey#0, o_orderkey#8, l_linenumber#20, o_orderdate#12] ), states: [rewrite_state: RewriteStateContext{rewriteState=REWRITTEN, batchId=11781}]
+--LogicalSort[28] ( orderKeys=[o_orderdate#12 asc null first, o_orderkey#8 asc null first, l_linenumber#20 asc null first] ), states: [rewrite_state: RewriteStateContext{rewriteState=REWRITTEN, batchId=11781}]
   +--LogicalProject[18] ( distinct=false, projects=[c_custkey#0, o_orderkey#8, l_linenumber#20, o_orderdate#12] ), states: [rewrite_state: RewriteStateContext{rewriteState=REWRITTEN, batchId=11781}]
      +--**LogicalFilter[27] ( predicates=AND[(c_mktsegment#6 = 'BUILDING'),(o_orderdate#12 < 1995-03-15),(l_shipdate#27 > 1995-03-15)] ), states: [rewrite_state: RewriteStateContext{rewriteState=REWRITTEN, batchId=11781}]
         +--LogicalJoin[26] ( type=INNER_JOIN, markJoinSlotReference=Optional.empty, hashJoinConjuncts=[], otherJoinConjuncts=[(o_orderkey#8 = l_orderkey#17)], markJoinConjuncts=[] ), states: [rewrite_state: RewriteStateContext{rewriteState=REWRITTEN, batchId=11781}]
            |--LogicalJoin[24] ( type=INNER_JOIN, markJoinSlotReference=Optional.empty, hashJoinConjuncts=[], otherJoinConjuncts=[(c_custkey#0 = o_custkey#9)], markJoinConjuncts=[] ), states: [rewrite_state: RewriteStateContext{rewriteState=REWRITTEN, batchId=11781}]
            |  |--LogicalProject[31] ( distinct=false, projects=[C_CUSTKEY#0, C_NAME#1, C_ADDRESS#2, C_NATIONKEY#3, C_PHONE#4, C_ACCTBAL#5, C_MKTSEGMENT#6, C_COMMENT#7] ), states: [rewrite_state: RewriteStateContext{rewriteState=REWRITTEN, batchId=11781}]
            |  |  +--LogicalOlapScan[22] ( qualified=internal.regression_test_nereids_tpch_p0.customer, alias=c, indexName=<index_not_selected>, selectedIndexId=1784297227142, preAgg=UNSET, operativeCol=[], virtualColumns=[] ), states: []
            |  +--LogicalProject[44] ( distinct=false, projects=[O_ORDERKEY#8, O_CUSTKEY#9, O_ORDERSTATUS#10, O_TOTALPRICE#11, O_ORDERDATE#12, O_ORDERPRIORITY#13, O_CLERK#14, O_SHIPPRIORITY#15, O_COMMENT#16] ), states: [rewrite_state: RewriteStateContext{rewriteState=REWRITTEN, batchId=11781}]
            |     +--LogicalOlapScan[23] ( qualified=internal.regression_test_nereids_tpch_p0.orders, alias=o, indexName=<index_not_selected>, selectedIndexId=1784297227176, preAgg=UNSET, operativeCol=[], virtualColumns=[] ), states: []
            +--LogicalProject[57] ( distinct=false, projects=[L_ORDERKEY#17, L_PARTKEY#18, L_SUPPKEY#19, L_LINENUMBER#20, L_QUANTITY#21, L_EXTENDEDPRICE#22, L_DISCOUNT#23, L_TAX#24, L_RETURNFLAG#25, L_LINESTATUS#26, L_SHIPDATE#27, L_COMMITDATE#28, L_RECEIPTDATE#29, L_SHIPINSTRUCT#30, L_SHIPMODE#31, L_COMMENT#32] ), states: [rewrite_state: RewriteStateContext{rewriteState=REWRITTEN, batchId=11781}]
               +--LogicalOlapScan[25] ( qualified=internal.regression_test_nereids_tpch_p0.lineitem, alias=l, indexName=<index_not_selected>, selectedIndexId=1784297227153, preAgg=UNSET, operativeCol=[], virtualColumns=[] ), states: []	LogicalResultSink[30] ( outputExprs=[c_custkey#0, o_orderkey#8, l_linenumber#20, o_orderdate#12] ), states: []
+--LogicalSort[28] ( orderKeys=[o_orderdate#12 asc null first, o_orderkey#8 asc null first, l_linenumber#20 asc null first] ), states: []
   +--LogicalProject[18] ( distinct=false, projects=[c_custkey#0, o_orderkey#8, l_linenumber#20, o_orderdate#12] ), states: []
      +--**LogicalFilter[72] ( predicates=AND[(c_mktsegment#6 = 'BUILDING'),(o_orderdate#12 < 1995-03-15),(l_shipdate#27 > 1995-03-15),( not c_mktsegment#6 IS NULL),( not o_orderdate#12 IS NULL),( not l_shipdate#27 IS NULL)] ), states: []
         +--LogicalJoin[26] ( type=INNER_JOIN, markJoinSlotReference=Optional.empty, hashJoinConjuncts=[], otherJoinConjuncts=[(o_orderkey#8 = l_orderkey#17)], markJoinConjuncts=[] ), states: [rewrite_state: RewriteStateContext{rewriteState=REWRITTEN, batchId=11781}]
            |--LogicalJoin[24] ( type=INNER_JOIN, markJoinSlotReference=Optional.empty, hashJoinConjuncts=[], otherJoinConjuncts=[(c_custkey#0 = o_custkey#9)], markJoinConjuncts=[] ), states: [rewrite_state: RewriteStateContext{rewriteState=REWRITTEN, batchId=11781}]
            |  |--LogicalProject[31] ( distinct=false, projects=[C_CUSTKEY#0, C_NAME#1, C_ADDRESS#2, C_NATIONKEY#3, C_PHONE#4, C_ACCTBAL#5, C_MKTSEGMENT#6, C_COMMENT#7] ), states: [rewrite_state: RewriteStateContext{rewriteState=REWRITTEN, batchId=11781}]
            |  |  +--LogicalOlapScan[22] ( qualified=internal.regression_test_nereids_tpch_p0.customer, alias=c, indexName=<index_not_selected>, selectedIndexId=1784297227142, preAgg=UNSET, operativeCol=[], virtualColumns=[] ), states: []
            |  +--LogicalProject[44] ( distinct=false, projects=[O_ORDERKEY#8, O_CUSTKEY#9, O_ORDERSTATUS#10, O_TOTALPRICE#11, O_ORDERDATE#12, O_ORDERPRIORITY#13, O_CLERK#14, O_SHIPPRIORITY#15, O_COMMENT#16] ), states: [rewrite_state: RewriteStateContext{rewriteState=REWRITTEN, batchId=11781}]
            |     +--LogicalOlapScan[23] ( qualified=internal.regression_test_nereids_tpch_p0.orders, alias=o, indexName=<index_not_selected>, selectedIndexId=1784297227176, preAgg=UNSET, operativeCol=[], virtualColumns=[] ), states: []
            +--LogicalProject[57] ( distinct=false, projects=[L_ORDERKEY#17, L_PARTKEY#18, L_SUPPKEY#19, L_LINENUMBER#20, L_QUANTITY#21, L_EXTENDEDPRICE#22, L_DISCOUNT#23, L_TAX#24, L_RETURNFLAG#25, L_LINESTATUS#26, L_SHIPDATE#27, L_COMMITDATE#28, L_RECEIPTDATE#29, L_SHIPINSTRUCT#30, L_SHIPMODE#31, L_COMMENT#32] ), states: [rewrite_state: RewriteStateContext{rewriteState=REWRITTEN, batchId=11781}]
               +--LogicalOlapScan[25] ( qualified=internal.regression_test_nereids_tpch_p0.lineitem, alias=l, indexName=<index_not_selected>, selectedIndexId=1784297227153, preAgg=UNSET, operativeCol=[], virtualColumns=[] ), states: []
INFER_JOIN_NOT_NULL	LogicalResultSink[30] ( outputExprs=[c_custkey#0, o_orderkey#8, l_linenumber#20, o_orderdate#12] ), states: []
+--LogicalSort[28] ( orderKeys=[o_orderdate#12 asc null first, o_orderkey#8 asc null first, l_linenumber#20 asc null first] ), states: []
   +--LogicalProject[18] ( distinct=false, projects=[c_custkey#0, o_orderkey#8, l_linenumber#20, o_orderdate#12] ), states: []
      +--LogicalFilter[72] ( predicates=AND[(c_mktsegment#6 = 'BUILDING'),(o_orderdate#12 < 1995-03-15),(l_shipdate#27 > 1995-03-15),( not c_mktsegment#6 IS NULL),( not o_orderdate#12 IS NULL),( not l_shipdate#27 IS NULL)] ), states: []
         +--**LogicalJoin[26] ( type=INNER_JOIN, markJoinSlotReference=Optional.empty, hashJoinConjuncts=[], otherJoinConjuncts=[(o_orderkey#8 = l_orderkey#17)], markJoinConjuncts=[] ), states: [rewrite_state: RewriteStateContext{rewriteState=REWRITTEN, batchId=11781}]
            |--LogicalJoin[24] ( type=INNER_JOIN, markJoinSlotReference=Optional.empty, hashJoinConjuncts=[], otherJoinConjuncts=[(c_custkey#0 = o_custkey#9)], markJoinConjuncts=[] ), states: [rewrite_state: RewriteStateContext{rewriteState=REWRITTEN, batchId=11781}]
            |  |--LogicalProject[31] ( distinct=false, projects=[C_CUSTKEY#0, C_NAME#1, C_ADDRESS#2, C_NATIONKEY#3, C_PHONE#4, C_ACCTBAL#5, C_MKTSEGMENT#6, C_COMMENT#7] ), states: [rewrite_state: RewriteStateContext{rewriteState=REWRITTEN, batchId=11781}]
            |  |  +--LogicalOlapScan[22] ( qualified=internal.regression_test_nereids_tpch_p0.customer, alias=c, indexName=<index_not_selected>, selectedIndexId=1784297227142, preAgg=UNSET, operativeCol=[], virtualColumns=[] ), states: []
            |  +--LogicalProject[44] ( distinct=false, projects=[O_ORDERKEY#8, O_CUSTKEY#9, O_ORDERSTATUS#10, O_TOTALPRICE#11, O_ORDERDATE#12, O_ORDERPRIORITY#13, O_CLERK#14, O_SHIPPRIORITY#15, O_COMMENT#16] ), states: [rewrite_state: RewriteStateContext{rewriteState=REWRITTEN, batchId=11781}]
            |     +--LogicalOlapScan[23] ( qualified=internal.regression_test_nereids_tpch_p0.orders, alias=o, indexName=<index_not_selected>, selectedIndexId=1784297227176, preAgg=UNSET, operativeCol=[], virtualColumns=[] ), states: []
            +--LogicalProject[57] ( distinct=false, projects=[L_ORDERKEY#17, L_PARTKEY#18, L_SUPPKEY#19, L_LINENUMBER#20, L_QUANTITY#21, L_EXTENDEDPRICE#22, L_DISCOUNT#23, L_TAX#24, L_RETURNFLAG#25, L_LINESTATUS#26, L_SHIPDATE#27, L_COMMITDATE#28, L_RECEIPTDATE#29, L_SHIPINSTRUCT#30, L_SHIPMODE#31, L_COMMENT#32] ), states: [rewrite_state: RewriteStateContext{rewriteState=REWRITTEN, batchId=11781}]
               +--LogicalOlapScan[25] ( qualified=internal.regression_test_nereids_tpch_p0.lineitem, alias=l, indexName=<index_not_selected>, selectedIndexId=1784297227153, preAgg=UNSET, operativeCol=[], virtualColumns=[] ), states: []	LogicalResultSink[30] ( outputExprs=[c_custkey#0, o_orderkey#8, l_linenumber#20, o_orderdate#12] ), states: []
+--LogicalSort[28] ( orderKeys=[o_orderdate#12 asc null first, o_orderkey#8 asc null first, l_linenumber#20 asc null first] ), states: []
   +--LogicalProject[18] ( distinct=false, projects=[c_custkey#0, o_orderkey#8, l_linenumber#20, o_orderdate#12] ), states: []
      +--LogicalFilter[72] ( predicates=AND[(c_mktsegment#6 = 'BUILDING'),(o_orderdate#12 < 1995-03-15),(l_shipdate#27 > 1995-03-15),( not c_mktsegment#6 IS NULL),( not o_orderdate#12 IS NULL),( not l_shipdate#27 IS NULL)] ), states: []
         +--**LogicalJoin[26] ( type=INNER_JOIN, markJoinSlotReference=Optional.empty, hashJoinConjuncts=[], otherJoinConjuncts=[(o_orderkey#8 = l_orderkey#17)], markJoinConjuncts=[] ), states: []
            |--LogicalFilter[91] ( predicates=( not o_orderkey#8 IS NULL) ), states: []
            |  +--LogicalJoin[24] ( type=INNER_JOIN, markJoinSlotReference=Optional.empty, hashJoinConjuncts=[], otherJoinConjuncts=[(c_custkey#0 = o_custkey#9)], markJoinConjuncts=[] ), states: [rewrite_state: RewriteStateContext{rewriteState=REWRITTEN, batchId=11781}]
            |     |--LogicalProject[31] ( distinct=false, projects=[C_CUSTKEY#0, C_NAME#1, C_ADDRESS#2, C_NATIONKEY#3, C_PHONE#4, C_ACCTBAL#5, C_MKTSEGMENT#6, C_COMMENT#7] ), states: [rewrite_state: RewriteStateContext{rewriteState=REWRITTEN, batchId=11781}]
            |     |  +--LogicalOlapScan[22] ( qualified=internal.regression_test_nereids_tpch_p0.customer, alias=c, indexName=<index_not_selected>, selectedIndexId=1784297227142, preAgg=UNSET, operativeCol=[], virtualColumns=[] ), states: []
            |     +--LogicalProject[44] ( distinct=false, projects=[O_ORDERKEY#8, O_CUSTKEY#9, O_ORDERSTATUS#10, O_TOTALPRICE#11, O_ORDERDATE#12, O_ORDERPRIORITY#13, O_CLERK#14, O_SHIPPRIORITY#15, O_COMMENT#16] ), states: [rewrite_state: RewriteStateContext{rewriteState=REWRITTEN, batchId=11781}]
            |        +--LogicalOlapScan[23] ( qualified=internal.regression_test_nereids_tpch_p0.orders, alias=o, indexName=<index_not_selected>, selectedIndexId=1784297227176, preAgg=UNSET, operativeCol=[], virtualColumns=[] ), states: []
            +--LogicalFilter[92] ( predicates=( not l_orderkey#17 IS NULL) ), states: []
               +--LogicalProject[57] ( distinct=false, projects=[L_ORDERKEY#17, L_PARTKEY#18, L_SUPPKEY#19, L_LINENUMBER#20, L_QUANTITY#21, L_EXTENDEDPRICE#22, L_DISCOUNT#23, L_TAX#24, L_RETURNFLAG#25, L_LINESTATUS#26, L_SHIPDATE#27, L_COMMITDATE#28, L_RECEIPTDATE#29, L_SHIPINSTRUCT#30, L_SHIPMODE#31, L_COMMENT#32] ), states: [rewrite_state: RewriteStateContext{rewriteState=REWRITTEN, batchId=11781}]
                  +--LogicalOlapScan[25] ( qualified=internal.regression_test_nereids_tpch_p0.lineitem, alias=l, indexName=<index_not_selected>, selectedIndexId=1784297227153, preAgg=UNSET, operativeCol=[], virtualColumns=[] ), states: []
INFER_JOIN_NOT_NULL	LogicalResultSink[30] ( outputExprs=[c_custkey#0, o_orderkey#8, l_linenumber#20, o_orderdate#12] ), states: []
+--LogicalSort[28] ( orderKeys=[o_orderdate#12 asc null first, o_orderkey#8 asc null first, l_linenumber#20 asc null first] ), states: []
   +--LogicalProject[18] ( distinct=false, projects=[c_custkey#0, o_orderkey#8, l_linenumber#20, o_orderdate#12] ), states: []
      +--LogicalFilter[72] ( predicates=AND[(c_mktsegment#6 = 'BUILDING'),(o_orderdate#12 < 1995-03-15),(l_shipdate#27 > 1995-03-15),( not c_mktsegment#6 IS NULL),( not o_orderdate#12 IS NULL),( not l_shipdate#27 IS NULL)] ), states: []
         +--LogicalJoin[26] ( type=INNER_JOIN, markJoinSlotReference=Optional.empty, hashJoinConjuncts=[], otherJoinConjuncts=[(o_orderkey#8 = l_orderkey#17)], markJoinConjuncts=[] ), states: []
            |--LogicalFilter[91] ( predicates=( not o_orderkey#8 IS NULL) ), states: []
            |  +--**LogicalJoin[24] ( type=INNER_JOIN, markJoinSlotReference=Optional.empty, hashJoinConjuncts=[], otherJoinConjuncts=[(c_custkey#0 = o_custkey#9)], markJoinConjuncts=[] ), states: [rewrite_state: RewriteStateContext{rewriteState=REWRITTEN, batchId=11781}]
            |     |--LogicalProject[31] ( distinct=false, projects=[C_CUSTKEY#0, C_NAME#1, C_ADDRESS#2, C_NATIONKEY#3, C_PHONE#4, C_ACCTBAL#5, C_MKTSEGMENT#6, C_COMMENT#7] ), states: [rewrite_state: RewriteStateContext{rewriteState=REWRITTEN, batchId=11781}]
            |     |  +--LogicalOlapScan[22] ( qualified=internal.regression_test_nereids_tpch_p0.customer, alias=c, indexName=<index_not_selected>, selectedIndexId=1784297227142, preAgg=UNSET, operativeCol=[], virtualColumns=[] ), states: []
            |     +--LogicalProject[44] ( distinct=false, projects=[O_ORDERKEY#8, O_CUSTKEY#9, O_ORDERSTATUS#10, O_TOTALPRICE#11, O_ORDERDATE#12, O_ORDERPRIORITY#13, O_CLERK#14, O_SHIPPRIORITY#15, O_COMMENT#16] ), states: [rewrite_state: RewriteStateContext{rewriteState=REWRITTEN, batchId=11781}]
            |        +--LogicalOlapScan[23] ( qualified=internal.regression_test_nereids_tpch_p0.orders, alias=o, indexName=<index_not_selected>, selectedIndexId=1784297227176, preAgg=UNSET, operativeCol=[], virtualColumns=[] ), states: []
            +--LogicalFilter[92] ( predicates=( not l_orderkey#17 IS NULL) ), states: []
               +--LogicalProject[57] ( distinct=false, projects=[L_ORDERKEY#17, L_PARTKEY#18, L_SUPPKEY#19, L_LINENUMBER#20, L_QUANTITY#21, L_EXTENDEDPRICE#22, L_DISCOUNT#23, L_TAX#24, L_RETURNFLAG#25, L_LINESTATUS#26, L_SHIPDATE#27, L_COMMITDATE#28, L_RECEIPTDATE#29, L_SHIPINSTRUCT#30, L_SHIPMODE#31, L_COMMENT#32] ), states: [rewrite_state: RewriteStateContext{rewriteState=REWRITTEN, batchId=11781}]
                  +--LogicalOlapScan[25] ( qualified=internal.regression_test_nereids_tpch_p0.lineitem, alias=l, indexName=<index_not_selected>, selectedIndexId=1784297227153, preAgg=UNSET, operativeCol=[], virtualColumns=[] ), states: []	LogicalResultSink[30] ( outputExprs=[c_custkey#0, o_orderkey#8, l_linenumber#20, o_orderdate#12] ), states: []
+--LogicalSort[28] ( orderKeys=[o_orderdate#12 asc null first, o_orderkey#8 asc null first, l_linenumber#20 asc null first] ), states: []
   +--LogicalProject[18] ( distinct=false, projects=[c_custkey#0, o_orderkey#8, l_linenumber#20, o_orderdate#12] ), states: []
      +--LogicalFilter[72] ( predicates=AND[(c_mktsegment#6 = 'BUILDING'),(o_orderdate#12 < 1995-03-15),(l_shipdate#27 > 1995-03-15),( not c_mktsegment#6 IS NULL),( not o_orderdate#12 IS NULL),( not l_shipdate#27 IS NULL)] ), states: []
         +--LogicalJoin[26] ( type=INNER_JOIN, markJoinSlotReference=Optional.empty, hashJoinConjuncts=[], otherJoinConjuncts=[(o_orderkey#8 = l_orderkey#17)], markJoinConjuncts=[] ), states: []
            |--LogicalFilter[91] ( predicates=( not o_orderkey#8 IS NULL) ), states: []
            |  +--**LogicalJoin[24] ( type=INNER_JOIN, markJoinSlotReference=Optional.empty, hashJoinConjuncts=[], otherJoinConjuncts=[(c_custkey#0 = o_custkey#9)], markJoinConjuncts=[] ), states: []
            |     |--LogicalFilter[123] ( predicates=( not c_custkey#0 IS NULL) ), states: []
            |     |  +--LogicalProject[31] ( distinct=false, projects=[C_CUSTKEY#0, C_NAME#1, C_ADDRESS#2, C_NATIONKEY#3, C_PHONE#4, C_ACCTBAL#5, C_MKTSEGMENT#6, C_COMMENT#7] ), states: [rewrite_state: RewriteStateContext{rewriteState=REWRITTEN, batchId=11781}]
            |     |     +--LogicalOlapScan[22] ( qualified=internal.regression_test_nereids_tpch_p0.customer, alias=c, indexName=<index_not_selected>, selectedIndexId=1784297227142, preAgg=UNSET, operativeCol=[], virtualColumns=[] ), states: []
            |     +--LogicalFilter[124] ( predicates=( not o_custkey#9 IS NULL) ), states: []
            |        +--LogicalProject[44] ( distinct=false, projects=[O_ORDERKEY#8, O_CUSTKEY#9, O_ORDERSTATUS#10, O_TOTALPRICE#11, O_ORDERDATE#12, O_ORDERPRIORITY#13, O_CLERK#14, O_SHIPPRIORITY#15, O_COMMENT#16] ), states: [rewrite_state: RewriteStateContext{rewriteState=REWRITTEN, batchId=11781}]
            |           +--LogicalOlapScan[23] ( qualified=internal.regression_test_nereids_tpch_p0.orders, alias=o, indexName=<index_not_selected>, selectedIndexId=1784297227176, preAgg=UNSET, operativeCol=[], virtualColumns=[] ), states: []
            +--LogicalFilter[92] ( predicates=( not l_orderkey#17 IS NULL) ), states: []
               +--LogicalProject[57] ( distinct=false, projects=[L_ORDERKEY#17, L_PARTKEY#18, L_SUPPKEY#19, L_LINENUMBER#20, L_QUANTITY#21, L_EXTENDEDPRICE#22, L_DISCOUNT#23, L_TAX#24, L_RETURNFLAG#25, L_LINESTATUS#26, L_SHIPDATE#27, L_COMMITDATE#28, L_RECEIPTDATE#29, L_SHIPINSTRUCT#30, L_SHIPMODE#31, L_COMMENT#32] ), states: [rewrite_state: RewriteStateContext{rewriteState=REWRITTEN, batchId=11781}]
                  +--LogicalOlapScan[25] ( qualified=internal.regression_test_nereids_tpch_p0.lineitem, alias=l, indexName=<index_not_selected>, selectedIndexId=1784297227153, preAgg=UNSET, operativeCol=[], virtualColumns=[] ), states: []
PUSH_DOWN_FILTER_THROUGH_PROJECT	LogicalResultSink[30] ( outputExprs=[c_custkey#0, o_orderkey#8, l_linenumber#20, o_orderdate#12] ), states: []
+--LogicalSort[28] ( orderKeys=[o_orderdate#12 asc null first, o_orderkey#8 asc null first, l_linenumber#20 asc null first] ), states: []
   +--LogicalProject[18] ( distinct=false, projects=[c_custkey#0, o_orderkey#8, l_linenumber#20, o_orderdate#12] ), states: []
      +--LogicalFilter[72] ( predicates=AND[(c_mktsegment#6 = 'BUILDING'),(o_orderdate#12 < 1995-03-15),(l_shipdate#27 > 1995-03-15),( not c_mktsegment#6 IS NULL),( not o_orderdate#12 IS NULL),( not l_shipdate#27 IS NULL)] ), states: []
         +--LogicalJoin[26] ( type=INNER_JOIN, markJoinSlotReference=Optional.empty, hashJoinConjuncts=[], otherJoinConjuncts=[(o_orderkey#8 = l_orderkey#17)], markJoinConjuncts=[] ), states: []
            |--LogicalFilter[91] ( predicates=( not o_orderkey#8 IS NULL) ), states: []
            |  +--LogicalJoin[24] ( type=INNER_JOIN, markJoinSlotReference=Optional.empty, hashJoinConjuncts=[], otherJoinConjuncts=[(c_custkey#0 = o_custkey#9)], markJoinConjuncts=[] ), states: []
            |     |--**LogicalFilter[123] ( predicates=( not c_custkey#0 IS NULL) ), states: []
            |     |  +--LogicalProject[31] ( distinct=false, projects=[C_CUSTKEY#0, C_NAME#1, C_ADDRESS#2, C_NATIONKEY#3, C_PHONE#4, C_ACCTBAL#5, C_MKTSEGMENT#6, C_COMMENT#7] ), states: [rewrite_state: RewriteStateContext{rewriteState=REWRITTEN, batchId=11782}]
            |     |     +--LogicalOlapScan[22] ( qualified=internal.regression_test_nereids_tpch_p0.customer, alias=c, indexName=<index_not_selected>, selectedIndexId=1784297227142, preAgg=UNSET, operativeCol=[], virtualColumns=[] ), states: []
            |     +--LogicalFilter[124] ( predicates=( not o_custkey#9 IS NULL) ), states: []
            |        +--LogicalProject[44] ( distinct=false, projects=[O_ORDERKEY#8, O_CUSTKEY#9, O_ORDERSTATUS#10, O_TOTALPRICE#11, O_ORDERDATE#12, O_ORDERPRIORITY#13, O_CLERK#14, O_SHIPPRIORITY#15, O_COMMENT#16] ), states: [rewrite_state: RewriteStateContext{rewriteState=REWRITTEN, batchId=11781}]
            |           +--LogicalOlapScan[23] ( qualified=internal.regression_test_nereids_tpch_p0.orders, alias=o, indexName=<index_not_selected>, selectedIndexId=1784297227176, preAgg=UNSET, operativeCol=[], virtualColumns=[] ), states: []
            +--LogicalFilter[92] ( predicates=( not l_orderkey#17 IS NULL) ), states: []
               +--LogicalProject[57] ( distinct=false, projects=[L_ORDERKEY#17, L_PARTKEY#18, L_SUPPKEY#19, L_LINENUMBER#20, L_QUANTITY#21, L_EXTENDEDPRICE#22, L_DISCOUNT#23, L_TAX#24, L_RETURNFLAG#25, L_LINESTATUS#26, L_SHIPDATE#27, L_COMMITDATE#28, L_RECEIPTDATE#29, L_SHIPINSTRUCT#30, L_SHIPMODE#31, L_COMMENT#32] ), states: [rewrite_state: RewriteStateContext{rewriteState=REWRITTEN, batchId=11781}]
                  +--LogicalOlapScan[25] ( qualified=internal.regression_test_nereids_tpch_p0.lineitem, alias=l, indexName=<index_not_selected>, selectedIndexId=1784297227153, preAgg=UNSET, operativeCol=[], virtualColumns=[] ), states: []	LogicalResultSink[30] ( outputExprs=[c_custkey#0, o_orderkey#8, l_linenumber#20, o_orderdate#12] ), states: []
+--LogicalSort[28] ( orderKeys=[o_orderdate#12 asc null first, o_orderkey#8 asc null first, l_linenumber#20 asc null first] ), states: []
   +--LogicalProject[18] ( distinct=false, projects=[c_custkey#0, o_orderkey#8, l_linenumber#20, o_orderdate#12] ), states: []
      +--LogicalFilter[72] ( predicates=AND[(c_mktsegment#6 = 'BUILDING'),(o_orderdate#12 < 1995-03-15),(l_shipdate#27 > 1995-03-15),( not c_mktsegment#6 IS NULL),( not o_orderdate#12 IS NULL),( not l_shipdate#27 IS NULL)] ), states: []
         +--LogicalJoin[26] ( type=INNER_JOIN, markJoinSlotReference=Optional.empty, hashJoinConjuncts=[], otherJoinConjuncts=[(o_orderkey#8 = l_orderkey#17)], markJoinConjuncts=[] ), states: []
            |--LogicalFilter[91] ( predicates=( not o_orderkey#8 IS NULL) ), states: []
            |  +--LogicalJoin[24] ( type=INNER_JOIN, markJoinSlotReference=Optional.empty, hashJoinConjuncts=[], otherJoinConjuncts=[(c_custkey#0 = o_custkey#9)], markJoinConjuncts=[] ), states: []
            |     |--**LogicalProject[31] ( distinct=false, projects=[C_CUSTKEY#0, C_NAME#1, C_ADDRESS#2, C_NATIONKEY#3, C_PHONE#4, C_ACCTBAL#5, C_MKTSEGMENT#6, C_COMMENT#7] ), states: []
            |     |  +--LogicalFilter[163] ( predicates=( not c_custkey#0 IS NULL) ), states: []
            |     |     +--LogicalOlapScan[22] ( qualified=internal.regression_test_nereids_tpch_p0.customer, alias=c, indexName=<index_not_selected>, selectedIndexId=1784297227142, preAgg=UNSET, operativeCol=[], virtualColumns=[] ), states: []
            |     +--LogicalFilter[124] ( predicates=( not o_custkey#9 IS NULL) ), states: []
            |        +--LogicalProject[44] ( distinct=false, projects=[O_ORDERKEY#8, O_CUSTKEY#9, O_ORDERSTATUS#10, O_TOTALPRICE#11, O_ORDERDATE#12, O_ORDERPRIORITY#13, O_CLERK#14, O_SHIPPRIORITY#15, O_COMMENT#16] ), states: [rewrite_state: RewriteStateContext{rewriteState=REWRITTEN, batchId=11781}]
            |           +--LogicalOlapScan[23] ( qualified=internal.regression_test_nereids_tpch_p0.orders, alias=o, indexName=<index_not_selected>, selectedIndexId=1784297227176, preAgg=UNSET, operativeCol=[], virtualColumns=[] ), states: []
            +--LogicalFilter[92] ( predicates=( not l_orderkey#17 IS NULL) ), states: []
               +--LogicalProject[57] ( distinct=false, projects=[L_ORDERKEY#17, L_PARTKEY#18, L_SUPPKEY#19, L_LINENUMBER#20, L_QUANTITY#21, L_EXTENDEDPRICE#22, L_DISCOUNT#23, L_TAX#24, L_RETURNFLAG#25, L_LINESTATUS#26, L_SHIPDATE#27, L_COMMITDATE#28, L_RECEIPTDATE#29, L_SHIPINSTRUCT#30, L_SHIPMODE#31, L_COMMENT#32] ), states: [rewrite_state: RewriteStateContext{rewriteState=REWRITTEN, batchId=11781}]
                  +--LogicalOlapScan[25] ( qualified=internal.regression_test_nereids_tpch_p0.lineitem, alias=l, indexName=<index_not_selected>, selectedIndexId=1784297227153, preAgg=UNSET, operativeCol=[], virtualColumns=[] ), states: []
PUSH_DOWN_FILTER_THROUGH_PROJECT	LogicalResultSink[30] ( outputExprs=[c_custkey#0, o_orderkey#8, l_linenumber#20, o_orderdate#12] ), states: []
+--LogicalSort[28] ( orderKeys=[o_orderdate#12 asc null first, o_orderkey#8 asc null first, l_linenumber#20 asc null first] ), states: []
   +--LogicalProject[18] ( distinct=false, projects=[c_custkey#0, o_orderkey#8, l_linenumber#20, o_orderdate#12] ), states: []
      +--LogicalFilter[72] ( predicates=AND[(c_mktsegment#6 = 'BUILDING'),(o_orderdate#12 < 1995-03-15),(l_shipdate#27 > 1995-03-15),( not c_mktsegment#6 IS NULL),( not o_orderdate#12 IS NULL),( not l_shipdate#27 IS NULL)] ), states: []
         +--LogicalJoin[26] ( type=INNER_JOIN, markJoinSlotReference=Optional.empty, hashJoinConjuncts=[], otherJoinConjuncts=[(o_orderkey#8 = l_orderkey#17)], markJoinConjuncts=[] ), states: []
            |--LogicalFilter[91] ( predicates=( not o_orderkey#8 IS NULL) ), states: []
            |  +--LogicalJoin[24] ( type=INNER_JOIN, markJoinSlotReference=Optional.empty, hashJoinConjuncts=[], otherJoinConjuncts=[(c_custkey#0 = o_custkey#9)], markJoinConjuncts=[] ), states: []
            |     |--LogicalProject[31] ( distinct=false, projects=[C_CUSTKEY#0, C_NAME#1, C_ADDRESS#2, C_NATIONKEY#3, C_PHONE#4, C_ACCTBAL#5, C_MKTSEGMENT#6, C_COMMENT#7] ), states: [rewrite_state: RewriteStateContext{rewriteState=REWRITTEN, batchId=11782}]
            |     |  +--LogicalFilter[163] ( predicates=( not c_custkey#0 IS NULL) ), states: [rewrite_state: RewriteStateContext{rewriteState=REWRITTEN, batchId=11782}]
            |     |     +--LogicalOlapScan[22] ( qualified=internal.regression_test_nereids_tpch_p0.customer, alias=c, indexName=<index_not_selected>, selectedIndexId=1784297227142, preAgg=UNSET, operativeCol=[], virtualColumns=[] ), states: []
            |     +--**LogicalFilter[124] ( predicates=( not o_custkey#9 IS NULL) ), states: []
            |        +--LogicalProject[44] ( distinct=false, projects=[O_ORDERKEY#8, O_CUSTKEY#9, O_ORDERSTATUS#10, O_TOTALPRICE#11, O_ORDERDATE#12, O_ORDERPRIORITY#13, O_CLERK#14, O_SHIPPRIORITY#15, O_COMMENT#16] ), states: [rewrite_state: RewriteStateContext{rewriteState=REWRITTEN, batchId=11782}]
            |           +--LogicalOlapScan[23] ( qualified=internal.regression_test_nereids_tpch_p0.orders, alias=o, indexName=<index_not_selected>, selectedIndexId=1784297227176, preAgg=UNSET, operativeCol=[], virtualColumns=[] ), states: []
            +--LogicalFilter[92] ( predicates=( not l_orderkey#17 IS NULL) ), states: []
               +--LogicalProject[57] ( distinct=false, projects=[L_ORDERKEY#17, L_PARTKEY#18, L_SUPPKEY#19, L_LINENUMBER#20, L_QUANTITY#21, L_EXTENDEDPRICE#22, L_DISCOUNT#23, L_TAX#24, L_RETURNFLAG#25, L_LINESTATUS#26, L_SHIPDATE#27, L_COMMITDATE#28, L_RECEIPTDATE#29, L_SHIPINSTRUCT#30, L_SHIPMODE#31, L_COMMENT#32] ), states: [rewrite_state: RewriteStateContext{rewriteState=REWRITTEN, batchId=11781}]
                  +--LogicalOlapScan[25] ( qualified=internal.regression_test_nereids_tpch_p0.lineitem, alias=l, indexName=<index_not_selected>, selectedIndexId=1784297227153, preAgg=UNSET, operativeCol=[], virtualColumns=[] ), states: []	LogicalResultSink[30] ( outputExprs=[c_custkey#0, o_orderkey#8, l_linenumber#20, o_orderdate#12] ), states: []
+--LogicalSort[28] ( orderKeys=[o_orderdate#12 asc null first, o_orderkey#8 asc null first, l_linenumber#20 asc null first] ), states: []
   +--LogicalProject[18] ( distinct=false, projects=[c_custkey#0, o_orderkey#8, l_linenumber#20, o_orderdate#12] ), states: []
      +--LogicalFilter[72] ( predicates=AND[(c_mktsegment#6 = 'BUILDING'),(o_orderdate#12 < 1995-03-15),(l_shipdate#27 > 1995-03-15),( not c_mktsegment#6 IS NULL),( not o_orderdate#12 IS NULL),( not l_shipdate#27 IS NULL)] ), states: []
         +--LogicalJoin[26] ( type=INNER_JOIN, markJoinSlotReference=Optional.empty, hashJoinConjuncts=[], otherJoinConjuncts=[(o_orderkey#8 = l_orderkey#17)], markJoinConjuncts=[] ), states: []
            |--LogicalFilter[91] ( predicates=( not o_orderkey#8 IS NULL) ), states: []
            |  +--LogicalJoin[24] ( type=INNER_JOIN, markJoinSlotReference=Optional.empty, hashJoinConjuncts=[], otherJoinConjuncts=[(c_custkey#0 = o_custkey#9)], markJoinConjuncts=[] ), states: []
            |     |--LogicalProject[31] ( distinct=false, projects=[C_CUSTKEY#0, C_NAME#1, C_ADDRESS#2, C_NATIONKEY#3, C_PHONE#4, C_ACCTBAL#5, C_MKTSEGMENT#6, C_COMMENT#7] ), states: [rewrite_state: RewriteStateContext{rewriteState=REWRITTEN, batchId=11782}]
            |     |  +--LogicalFilter[163] ( predicates=( not c_custkey#0 IS NULL) ), states: [rewrite_state: RewriteStateContext{rewriteState=REWRITTEN, batchId=11782}]
            |     |     +--LogicalOlapScan[22] ( qualified=internal.regression_test_nereids_tpch_p0.customer, alias=c, indexName=<index_not_selected>, selectedIndexId=1784297227142, preAgg=UNSET, operativeCol=[], virtualColumns=[] ), states: []
            |     +--**LogicalProject[44] ( distinct=false, projects=[O_ORDERKEY#8, O_CUSTKEY#9, O_ORDERSTATUS#10, O_TOTALPRICE#11, O_ORDERDATE#12, O_ORDERPRIORITY#13, O_CLERK#14, O_SHIPPRIORITY#15, O_COMMENT#16] ), states: []
            |        +--LogicalFilter[204] ( predicates=( not o_custkey#9 IS NULL) ), states: []
            |           +--LogicalOlapScan[23] ( qualified=internal.regression_test_nereids_tpch_p0.orders, alias=o, indexName=<index_not_selected>, selectedIndexId=1784297227176, preAgg=UNSET, operativeCol=[], virtualColumns=[] ), states: []
            +--LogicalFilter[92] ( predicates=( not l_orderkey#17 IS NULL) ), states: []
               +--LogicalProject[57] ( distinct=false, projects=[L_ORDERKEY#17, L_PARTKEY#18, L_SUPPKEY#19, L_LINENUMBER#20, L_QUANTITY#21, L_EXTENDEDPRICE#22, L_DISCOUNT#23, L_TAX#24, L_RETURNFLAG#25, L_LINESTATUS#26, L_SHIPDATE#27, L_COMMITDATE#28, L_RECEIPTDATE#29, L_SHIPINSTRUCT#30, L_SHIPMODE#31, L_COMMENT#32] ), states: [rewrite_state: RewriteStateContext{rewriteState=REWRITTEN, batchId=11781}]
                  +--LogicalOlapScan[25] ( qualified=internal.regression_test_nereids_tpch_p0.lineitem, alias=l, indexName=<index_not_selected>, selectedIndexId=1784297227153, preAgg=UNSET, operativeCol=[], virtualColumns=[] ), states: []
PUSH_DOWN_FILTER_THROUGH_JOIN	LogicalResultSink[30] ( outputExprs=[c_custkey#0, o_orderkey#8, l_linenumber#20, o_orderdate#12] ), states: []
+--LogicalSort[28] ( orderKeys=[o_orderdate#12 asc null first, o_orderkey#8 asc null first, l_linenumber#20 asc null first] ), states: []
   +--LogicalProject[18] ( distinct=false, projects=[c_custkey#0, o_orderkey#8, l_linenumber#20, o_orderdate#12] ), states: []
      +--LogicalFilter[72] ( predicates=AND[(c_mktsegment#6 = 'BUILDING'),(o_orderdate#12 < 1995-03-15),(l_shipdate#27 > 1995-03-15),( not c_mktsegment#6 IS NULL),( not o_orderdate#12 IS NULL),( not l_shipdate#27 IS NULL)] ), states: []
         +--LogicalJoin[26] ( type=INNER_JOIN, markJoinSlotReference=Optional.empty, hashJoinConjuncts=[], otherJoinConjuncts=[(o_orderkey#8 = l_orderkey#17)], markJoinConjuncts=[] ), states: []
            |--**LogicalFilter[91] ( predicates=( not o_orderkey#8 IS NULL) ), states: []
            |  +--LogicalJoin[24] ( type=INNER_JOIN, markJoinSlotReference=Optional.empty, hashJoinConjuncts=[], otherJoinConjuncts=[(c_custkey#0 = o_custkey#9)], markJoinConjuncts=[] ), states: [rewrite_state: RewriteStateContext{rewriteState=REWRITTEN, batchId=11782}]
            |     |--LogicalProject[31] ( distinct=false, projects=[C_CUSTKEY#0, C_NAME#1, C_ADDRESS#2, C_NATIONKEY#3, C_PHONE#4, C_ACCTBAL#5, C_MKTSEGMENT#6, C_COMMENT#7] ), states: [rewrite_state: RewriteStateContext{rewriteState=REWRITTEN, batchId=11782}]
            |     |  +--LogicalFilter[163] ( predicates=( not c_custkey#0 IS NULL) ), states: [rewrite_state: RewriteStateContext{rewriteState=REWRITTEN, batchId=11782}]
            |     |     +--LogicalOlapScan[22] ( qualified=internal.regression_test_nereids_tpch_p0.customer, alias=c, indexName=<index_not_selected>, selectedIndexId=1784297227142, preAgg=UNSET, operativeCol=[], virtualColumns=[] ), states: []
            |     +--LogicalProject[44] ( distinct=false, projects=[O_ORDERKEY#8, O_CUSTKEY#9, O_ORDERSTATUS#10, O_TOTALPRICE#11, O_ORDERDATE#12, O_ORDERPRIORITY#13, O_CLERK#14, O_SHIPPRIORITY#15, O_COMMENT#16] ), states: [rewrite_state: RewriteStateContext{rewriteState=REWRITTEN, batchId=11782}]
            |        +--LogicalFilter[204] ( predicates=( not o_custkey#9 IS NULL) ), states: [rewrite_state: RewriteStateContext{rewriteState=REWRITTEN, batchId=11782}]
            |           +--LogicalOlapScan[23] ( qualified=internal.regression_test_nereids_tpch_p0.orders, alias=o, indexName=<index_not_selected>, selectedIndexId=1784297227176, preAgg=UNSET, operativeCol=[], virtualColumns=[] ), states: []
            +--LogicalFilter[92] ( predicates=( not l_orderkey#17 IS NULL) ), states: []
               +--LogicalProject[57] ( distinct=false, projects=[L_ORDERKEY#17, L_PARTKEY#18, L_SUPPKEY#19, L_LINENUMBER#20, L_QUANTITY#21, L_EXTENDEDPRICE#22, L_DISCOUNT#23, L_TAX#24, L_RETURNFLAG#25, L_LINESTATUS#26, L_SHIPDATE#27, L_COMMITDATE#28, L_RECEIPTDATE#29, L_SHIPINSTRUCT#30, L_SHIPMODE#31, L_COMMENT#32] ), states: [rewrite_state: RewriteStateContext{rewriteState=REWRITTEN, batchId=11781}]
                  +--LogicalOlapScan[25] ( qualified=internal.regression_test_nereids_tpch_p0.lineitem, alias=l, indexName=<index_not_selected>, selectedIndexId=1784297227153, preAgg=UNSET, operativeCol=[], virtualColumns=[] ), states: []	LogicalResultSink[30] ( outputExprs=[c_custkey#0, o_orderkey#8, l_linenumber#20, o_orderdate#12] ), states: []
+--LogicalSort[28] ( orderKeys=[o_orderdate#12 asc null first, o_orderkey#8 asc null first, l_linenumber#20 asc null first] ), states: []
   +--LogicalProject[18] ( distinct=false, projects=[c_custkey#0, o_orderkey#8, l_linenumber#20, o_orderdate#12] ), states: []
      +--LogicalFilter[72] ( predicates=AND[(c_mktsegment#6 = 'BUILDING'),(o_orderdate#12 < 1995-03-15),(l_shipdate#27 > 1995-03-15),( not c_mktsegment#6 IS NULL),( not o_orderdate#12 IS NULL),( not l_shipdate#27 IS NULL)] ), states: []
         +--LogicalJoin[26] ( type=INNER_JOIN, markJoinSlotReference=Optional.empty, hashJoinConjuncts=[], otherJoinConjuncts=[(o_orderkey#8 = l_orderkey#17)], markJoinConjuncts=[] ), states: []
            |--**LogicalJoin[246] ( type=INNER_JOIN, markJoinSlotReference=Optional.empty, hashJoinConjuncts=[], otherJoinConjuncts=[(c_custkey#0 = o_custkey#9)], markJoinConjuncts=[] ), states: []
            |  |--LogicalProject[31] ( distinct=false, projects=[C_CUSTKEY#0, C_NAME#1, C_ADDRESS#2, C_NATIONKEY#3, C_PHONE#4, C_ACCTBAL#5, C_MKTSEGMENT#6, C_COMMENT#7] ), states: [rewrite_state: RewriteStateContext{rewriteState=REWRITTEN, batchId=11782}]
            |  |  +--LogicalFilter[163] ( predicates=( not c_custkey#0 IS NULL) ), states: [rewrite_state: RewriteStateContext{rewriteState=REWRITTEN, batchId=11782}]
            |  |     +--LogicalOlapScan[22] ( qualified=internal.regression_test_nereids_tpch_p0.customer, alias=c, indexName=<index_not_selected>, selectedIndexId=1784297227142, preAgg=UNSET, operativeCol=[], virtualColumns=[] ), states: []
            |  +--LogicalFilter[245] ( predicates=( not o_orderkey#8 IS NULL) ), states: []
            |     +--LogicalProject[44] ( distinct=false, projects=[O_ORDERKEY#8, O_CUSTKEY#9, O_ORDERSTATUS#10, O_TOTALPRICE#11, O_ORDERDATE#12, O_ORDERPRIORITY#13, O_CLERK#14, O_SHIPPRIORITY#15, O_COMMENT#16] ), states: [rewrite_state: RewriteStateContext{rewriteState=REWRITTEN, batchId=11782}]
            |        +--LogicalFilter[204] ( predicates=( not o_custkey#9 IS NULL) ), states: [rewrite_state: RewriteStateContext{rewriteState=REWRITTEN, batchId=11782}]
            |           +--LogicalOlapScan[23] ( qualified=internal.regression_test_nereids_tpch_p0.orders, alias=o, indexName=<index_not_selected>, selectedIndexId=1784297227176, preAgg=UNSET, operativeCol=[], virtualColumns=[] ), states: []
            +--LogicalFilter[92] ( predicates=( not l_orderkey#17 IS NULL) ), states: []
               +--LogicalProject[57] ( distinct=false, projects=[L_ORDERKEY#17, L_PARTKEY#18, L_SUPPKEY#19, L_LINENUMBER#20, L_QUANTITY#21, L_EXTENDEDPRICE#22, L_DISCOUNT#23, L_TAX#24, L_RETURNFLAG#25, L_LINESTATUS#26, L_SHIPDATE#27, L_COMMITDATE#28, L_RECEIPTDATE#29, L_SHIPINSTRUCT#30, L_SHIPMODE#31, L_COMMENT#32] ), states: [rewrite_state: RewriteStateContext{rewriteState=REWRITTEN, batchId=11781}]
                  +--LogicalOlapScan[25] ( qualified=internal.regression_test_nereids_tpch_p0.lineitem, alias=l, indexName=<index_not_selected>, selectedIndexId=1784297227153, preAgg=UNSET, operativeCol=[], virtualColumns=[] ), states: []
PUSH_DOWN_FILTER_THROUGH_PROJECT	LogicalResultSink[30] ( outputExprs=[c_custkey#0, o_orderkey#8, l_linenumber#20, o_orderdate#12] ), states: []
+--LogicalSort[28] ( orderKeys=[o_orderdate#12 asc null first, o_orderkey#8 asc null first, l_linenumber#20 asc null first] ), states: []
   +--LogicalProject[18] ( distinct=false, projects=[c_custkey#0, o_orderkey#8, l_linenumber#20, o_orderdate#12] ), states: []
      +--LogicalFilter[72] ( predicates=AND[(c_mktsegment#6 = 'BUILDING'),(o_orderdate#12 < 1995-03-15),(l_shipdate#27 > 1995-03-15),( not c_mktsegment#6 IS NULL),( not o_orderdate#12 IS NULL),( not l_shipdate#27 IS NULL)] ), states: []
         +--LogicalJoin[26] ( type=INNER_JOIN, markJoinSlotReference=Optional.empty, hashJoinConjuncts=[], otherJoinConjuncts=[(o_orderkey#8 = l_orderkey#17)], markJoinConjuncts=[] ), states: []
            |--LogicalJoin[246] ( type=INNER_JOIN, markJoinSlotReference=Optional.empty, hashJoinConjuncts=[], otherJoinConjuncts=[(c_custkey#0 = o_custkey#9)], markJoinConjuncts=[] ), states: []
            |  |--LogicalProject[31] ( distinct=false, projects=[C_CUSTKEY#0, C_NAME#1, C_ADDRESS#2, C_NATIONKEY#3, C_PHONE#4, C_ACCTBAL#5, C_MKTSEGMENT#6, C_COMMENT#7] ), states: [rewrite_state: RewriteStateContext{rewriteState=REWRITTEN, batchId=11782}]
            |  |  +--LogicalFilter[163] ( predicates=( not c_custkey#0 IS NULL) ), states: [rewrite_state: RewriteStateContext{rewriteState=REWRITTEN, batchId=11782}]
            |  |     +--LogicalOlapScan[22] ( qualified=internal.regression_test_nereids_tpch_p0.customer, alias=c, indexName=<index_not_selected>, selectedIndexId=1784297227142, preAgg=UNSET, operativeCol=[], virtualColumns=[] ), states: []
            |  +--**LogicalFilter[245] ( predicates=( not o_orderkey#8 IS NULL) ), states: []
            |     +--LogicalProject[44] ( distinct=false, projects=[O_ORDERKEY#8, O_CUSTKEY#9, O_ORDERSTATUS#10, O_TOTALPRICE#11, O_ORDERDATE#12, O_ORDERPRIORITY#13, O_CLERK#14, O_SHIPPRIORITY#15, O_COMMENT#16] ), states: [rewrite_state: RewriteStateContext{rewriteState=REWRITTEN, batchId=11782}]
            |        +--LogicalFilter[204] ( predicates=( not o_custkey#9 IS NULL) ), states: [rewrite_state: RewriteStateContext{rewriteState=REWRITTEN, batchId=11782}]
            |           +--LogicalOlapScan[23] ( qualified=internal.regression_test_nereids_tpch_p0.orders, alias=o, indexName=<index_not_selected>, selectedIndexId=1784297227176, preAgg=UNSET, operativeCol=[], virtualColumns=[] ), states: []
            +--LogicalFilter[92] ( predicates=( not l_orderkey#17 IS NULL) ), states: []
               +--LogicalProject[57] ( distinct=false, projects=[L_ORDERKEY#17, L_PARTKEY#18, L_SUPPKEY#19, L_LINENUMBER#20, L_QUANTITY#21, L_EXTENDEDPRICE#22, L_DISCOUNT#23, L_TAX#24, L_RETURNFLAG#25, L_LINESTATUS#26, L_SHIPDATE#27, L_COMMITDATE#28, L_RECEIPTDATE#29, L_SHIPINSTRUCT#30, L_SHIPMODE#31, L_COMMENT#32] ), states: [rewrite_state: RewriteStateContext{rewriteState=REWRITTEN, batchId=11781}]
                  +--LogicalOlapScan[25] ( qualified=internal.regression_test_nereids_tpch_p0.lineitem, alias=l, indexName=<index_not_selected>, selectedIndexId=1784297227153, preAgg=UNSET, operativeCol=[], virtualColumns=[] ), states: []	LogicalResultSink[30] ( outputExprs=[c_custkey#0, o_orderkey#8, l_linenumber#20, o_orderdate#12] ), states: []
+--LogicalSort[28] ( orderKeys=[o_orderdate#12 asc null first, o_orderkey#8 asc null first, l_linenumber#20 asc null first] ), states: []
   +--LogicalProject[18] ( distinct=false, projects=[c_custkey#0, o_orderkey#8, l_linenumber#20, o_orderdate#12] ), states: []
      +--LogicalFilter[72] ( predicates=AND[(c_mktsegment#6 = 'BUILDING'),(o_orderdate#12 < 1995-03-15),(l_shipdate#27 > 1995-03-15),( not c_mktsegment#6 IS NULL),( not o_orderdate#12 IS NULL),( not l_shipdate#27 IS NULL)] ), states: []
         +--LogicalJoin[26] ( type=INNER_JOIN, markJoinSlotReference=Optional.empty, hashJoinConjuncts=[], otherJoinConjuncts=[(o_orderkey#8 = l_orderkey#17)], markJoinConjuncts=[] ), states: []
            |--LogicalJoin[246] ( type=INNER_JOIN, markJoinSlotReference=Optional.empty, hashJoinConjuncts=[], otherJoinConjuncts=[(c_custkey#0 = o_custkey#9)], markJoinConjuncts=[] ), states: []
            |  |--LogicalProject[31] ( distinct=false, projects=[C_CUSTKEY#0, C_NAME#1, C_ADDRESS#2, C_NATIONKEY#3, C_PHONE#4, C_ACCTBAL#5, C_MKTSEGMENT#6, C_COMMENT#7] ), states: [rewrite_state: RewriteStateContext{rewriteState=REWRITTEN, batchId=11782}]
            |  |  +--LogicalFilter[163] ( predicates=( not c_custkey#0 IS NULL) ), states: [rewrite_state: RewriteStateContext{rewriteState=REWRITTEN, batchId=11782}]
            |  |     +--LogicalOlapScan[22] ( qualified=internal.regression_test_nereids_tpch_p0.customer, alias=c, indexName=<index_not_selected>, selectedIndexId=1784297227142, preAgg=UNSET, operativeCol=[], virtualColumns=[] ), states: []
            |  +--**LogicalProject[44] ( distinct=false, projects=[O_ORDERKEY#8, O_CUSTKEY#9, O_ORDERSTATUS#10, O_TOTALPRICE#11, O_ORDERDATE#12, O_ORDERPRIORITY#13, O_CLERK#14, O_SHIPPRIORITY#15, O_COMMENT#16] ), states: []
            |     +--LogicalFilter[287] ( predicates=( not o_orderkey#8 IS NULL) ), states: []
            |        +--LogicalFilter[204] ( predicates=( not o_custkey#9 IS NULL) ), states: [rewrite_state: RewriteStateContext{rewriteState=REWRITTEN, batchId=11782}]
            |           +--LogicalOlapScan[23] ( qualified=internal.regression_test_nereids_tpch_p0.orders, alias=o, indexName=<index_not_selected>, selectedIndexId=1784297227176, preAgg=UNSET, operativeCol=[], virtualColumns=[] ), states: []
            +--LogicalFilter[92] ( predicates=( not l_orderkey#17 IS NULL) ), states: []
               +--LogicalProject[57] ( distinct=false, projects=[L_ORDERKEY#17, L_PARTKEY#18, L_SUPPKEY#19, L_LINENUMBER#20, L_QUANTITY#21, L_EXTENDEDPRICE#22, L_DISCOUNT#23, L_TAX#24, L_RETURNFLAG#25, L_LINESTATUS#26, L_SHIPDATE#27, L_COMMITDATE#28, L_RECEIPTDATE#29, L_SHIPINSTRUCT#30, L_SHIPMODE#31, L_COMMENT#32] ), states: [rewrite_state: RewriteStateContext{rewriteState=REWRITTEN, batchId=11781}]
                  +--LogicalOlapScan[25] ( qualified=internal.regression_test_nereids_tpch_p0.lineitem, alias=l, indexName=<index_not_selected>, selectedIndexId=1784297227153, preAgg=UNSET, operativeCol=[], virtualColumns=[] ), states: []
MERGE_FILTERS	LogicalResultSink[30] ( outputExprs=[c_custkey#0, o_orderkey#8, l_linenumber#20, o_orderdate#12] ), states: []
+--LogicalSort[28] ( orderKeys=[o_orderdate#12 asc null first, o_orderkey#8 asc null first, l_linenumber#20 asc null first] ), states: []
   +--LogicalProject[18] ( distinct=false, projects=[c_custkey#0, o_orderkey#8, l_linenumber#20, o_orderdate#12] ), states: []
      +--LogicalFilter[72] ( predicates=AND[(c_mktsegment#6 = 'BUILDING'),(o_orderdate#12 < 1995-03-15),(l_shipdate#27 > 1995-03-15),( not c_mktsegment#6 IS NULL),( not o_orderdate#12 IS NULL),( not l_shipdate#27 IS NULL)] ), states: []
         +--LogicalJoin[26] ( type=INNER_JOIN, markJoinSlotReference=Optional.empty, hashJoinConjuncts=[], otherJoinConjuncts=[(o_orderkey#8 = l_orderkey#17)], markJoinConjuncts=[] ), states: []
            |--LogicalJoin[246] ( type=INNER_JOIN, markJoinSlotReference=Optional.empty, hashJoinConjuncts=[], otherJoinConjuncts=[(c_custkey#0 = o_custkey#9)], markJoinConjuncts=[] ), states: []
            |  |--LogicalProject[31] ( distinct=false, projects=[C_CUSTKEY#0, C_NAME#1, C_ADDRESS#2, C_NATIONKEY#3, C_PHONE#4, C_ACCTBAL#5, C_MKTSEGMENT#6, C_COMMENT#7] ), states: [rewrite_state: RewriteStateContext{rewriteState=REWRITTEN, batchId=11782}]
            |  |  +--LogicalFilter[163] ( predicates=( not c_custkey#0 IS NULL) ), states: [rewrite_state: RewriteStateContext{rewriteState=REWRITTEN, batchId=11782}]
            |  |     +--LogicalOlapScan[22] ( qualified=internal.regression_test_nereids_tpch_p0.customer, alias=c, indexName=<index_not_selected>, selectedIndexId=1784297227142, preAgg=UNSET, operativeCol=[], virtualColumns=[] ), states: []
            |  +--LogicalProject[44] ( distinct=false, projects=[O_ORDERKEY#8, O_CUSTKEY#9, O_ORDERSTATUS#10, O_TOTALPRICE#11, O_ORDERDATE#12, O_ORDERPRIORITY#13, O_CLERK#14, O_SHIPPRIORITY#15, O_COMMENT#16] ), states: []
            |     +--**LogicalFilter[287] ( predicates=( not o_orderkey#8 IS NULL) ), states: []
            |        +--LogicalFilter[204] ( predicates=( not o_custkey#9 IS NULL) ), states: [rewrite_state: RewriteStateContext{rewriteState=REWRITTEN, batchId=11782}]
            |           +--LogicalOlapScan[23] ( qualified=internal.regression_test_nereids_tpch_p0.orders, alias=o, indexName=<index_not_selected>, selectedIndexId=1784297227176, preAgg=UNSET, operativeCol=[], virtualColumns=[] ), states: []
            +--LogicalFilter[92] ( predicates=( not l_orderkey#17 IS NULL) ), states: []
               +--LogicalProject[57] ( distinct=false, projects=[L_ORDERKEY#17, L_PARTKEY#18, L_SUPPKEY#19, L_LINENUMBER#20, L_QUANTITY#21, L_EXTENDEDPRICE#22, L_DISCOUNT#23, L_TAX#24, L_RETURNFLAG#25, L_LINESTATUS#26, L_SHIPDATE#27, L_COMMITDATE#28, L_RECEIPTDATE#29, L_SHIPINSTRUCT#30, L_SHIPMODE#31, L_COMMENT#32] ), states: [rewrite_state: RewriteStateContext{rewriteState=REWRITTEN, batchId=11781}]
                  +--LogicalOlapScan[25] ( qualified=internal.regression_test_nereids_tpch_p0.lineitem, alias=l, indexName=<index_not_selected>, selectedIndexId=1784297227153, preAgg=UNSET, operativeCol=[], virtualColumns=[] ), states: []	LogicalResultSink[30] ( outputExprs=[c_custkey#0, o_orderkey#8, l_linenumber#20, o_orderdate#12] ), states: []
+--LogicalSort[28] ( orderKeys=[o_orderdate#12 asc null first, o_orderkey#8 asc null first, l_linenumber#20 asc null first] ), states: []
   +--LogicalProject[18] ( distinct=false, projects=[c_custkey#0, o_orderkey#8, l_linenumber#20, o_orderdate#12] ), states: []
      +--LogicalFilter[72] ( predicates=AND[(c_mktsegment#6 = 'BUILDING'),(o_orderdate#12 < 1995-03-15),(l_shipdate#27 > 1995-03-15),( not c_mktsegment#6 IS NULL),( not o_orderdate#12 IS NULL),( not l_shipdate#27 IS NULL)] ), states: []
         +--LogicalJoin[26] ( type=INNER_JOIN, markJoinSlotReference=Optional.empty, hashJoinConjuncts=[], otherJoinConjuncts=[(o_orderkey#8 = l_orderkey#17)], markJoinConjuncts=[] ), states: []
            |--LogicalJoin[246] ( type=INNER_JOIN, markJoinSlotReference=Optional.empty, hashJoinConjuncts=[], otherJoinConjuncts=[(c_custkey#0 = o_custkey#9)], markJoinConjuncts=[] ), states: []
            |  |--LogicalProject[31] ( distinct=false, projects=[C_CUSTKEY#0, C_NAME#1, C_ADDRESS#2, C_NATIONKEY#3, C_PHONE#4, C_ACCTBAL#5, C_MKTSEGMENT#6, C_COMMENT#7] ), states: [rewrite_state: RewriteStateContext{rewriteState=REWRITTEN, batchId=11782}]
            |  |  +--LogicalFilter[163] ( predicates=( not c_custkey#0 IS NULL) ), states: [rewrite_state: RewriteStateContext{rewriteState=REWRITTEN, batchId=11782}]
            |  |     +--LogicalOlapScan[22] ( qualified=internal.regression_test_nereids_tpch_p0.customer, alias=c, indexName=<index_not_selected>, selectedIndexId=1784297227142, preAgg=UNSET, operativeCol=[], virtualColumns=[] ), states: []
            |  +--LogicalProject[44] ( distinct=false, projects=[O_ORDERKEY#8, O_CUSTKEY#9, O_ORDERSTATUS#10, O_TOTALPRICE#11, O_ORDERDATE#12, O_ORDERPRIORITY#13, O_CLERK#14, O_SHIPPRIORITY#15, O_COMMENT#16] ), states: []
            |     +--**LogicalFilter[328] ( predicates=AND[( not o_orderkey#8 IS NULL),( not o_custkey#9 IS NULL)] ), states: []
            |        +--LogicalOlapScan[23] ( qualified=internal.regression_test_nereids_tpch_p0.orders, alias=o, indexName=<index_not_selected>, selectedIndexId=1784297227176, preAgg=UNSET, operativeCol=[], virtualColumns=[] ), states: []
            +--LogicalFilter[92] ( predicates=( not l_orderkey#17 IS NULL) ), states: []
               +--LogicalProject[57] ( distinct=false, projects=[L_ORDERKEY#17, L_PARTKEY#18, L_SUPPKEY#19, L_LINENUMBER#20, L_QUANTITY#21, L_EXTENDEDPRICE#22, L_DISCOUNT#23, L_TAX#24, L_RETURNFLAG#25, L_LINESTATUS#26, L_SHIPDATE#27, L_COMMITDATE#28, L_RECEIPTDATE#29, L_SHIPINSTRUCT#30, L_SHIPMODE#31, L_COMMENT#32] ), states: [rewrite_state: RewriteStateContext{rewriteState=REWRITTEN, batchId=11781}]
                  +--LogicalOlapScan[25] ( qualified=internal.regression_test_nereids_tpch_p0.lineitem, alias=l, indexName=<index_not_selected>, selectedIndexId=1784297227153, preAgg=UNSET, operativeCol=[], virtualColumns=[] ), states: []
PUSH_DOWN_FILTER_THROUGH_PROJECT	LogicalResultSink[30] ( outputExprs=[c_custkey#0, o_orderkey#8, l_linenumber#20, o_orderdate#12] ), states: []
+--LogicalSort[28] ( orderKeys=[o_orderdate#12 asc null first, o_orderkey#8 asc null first, l_linenumber#20 asc null first] ), states: []
   +--LogicalProject[18] ( distinct=false, projects=[c_custkey#0, o_orderkey#8, l_linenumber#20, o_orderdate#12] ), states: []
      +--LogicalFilter[72] ( predicates=AND[(c_mktsegment#6 = 'BUILDING'),(o_orderdate#12 < 1995-03-15),(l_shipdate#27 > 1995-03-15),( not c_mktsegment#6 IS NULL),( not o_orderdate#12 IS NULL),( not l_shipdate#27 IS NULL)] ), states: []
         +--LogicalJoin[26] ( type=INNER_JOIN, markJoinSlotReference=Optional.empty, hashJoinConjuncts=[], otherJoinConjuncts=[(o_orderkey#8 = l_orderkey#17)], markJoinConjuncts=[] ), states: []
            |--LogicalJoin[246] ( type=INNER_JOIN, markJoinSlotReference=Optional.empty, hashJoinConjuncts=[], otherJoinConjuncts=[(c_custkey#0 = o_custkey#9)], markJoinConjuncts=[] ), states: [rewrite_state: RewriteStateContext{rewriteState=REWRITTEN, batchId=11782}]
            |  |--LogicalProject[31] ( distinct=false, projects=[C_CUSTKEY#0, C_NAME#1, C_ADDRESS#2, C_NATIONKEY#3, C_PHONE#4, C_ACCTBAL#5, C_MKTSEGMENT#6, C_COMMENT#7] ), states: [rewrite_state: RewriteStateContext{rewriteState=REWRITTEN, batchId=11782}]
            |  |  +--LogicalFilter[163] ( predicates=( not c_custkey#0 IS NULL) ), states: [rewrite_state: RewriteStateContext{rewriteState=REWRITTEN, batchId=11782}]
            |  |     +--LogicalOlapScan[22] ( qualified=internal.regression_test_nereids_tpch_p0.customer, alias=c, indexName=<index_not_selected>, selectedIndexId=1784297227142, preAgg=UNSET, operativeCol=[], virtualColumns=[] ), states: []
            |  +--LogicalProject[44] ( distinct=false, projects=[O_ORDERKEY#8, O_CUSTKEY#9, O_ORDERSTATUS#10, O_TOTALPRICE#11, O_ORDERDATE#12, O_ORDERPRIORITY#13, O_CLERK#14, O_SHIPPRIORITY#15, O_COMMENT#16] ), states: [rewrite_state: RewriteStateContext{rewriteState=REWRITTEN, batchId=11782}]
            |     +--LogicalFilter[328] ( predicates=AND[( not o_orderkey#8 IS NULL),( not o_custkey#9 IS NULL)] ), states: [rewrite_state: RewriteStateContext{rewriteState=REWRITTEN, batchId=11782}]
            |        +--LogicalOlapScan[23] ( qualified=internal.regression_test_nereids_tpch_p0.orders, alias=o, indexName=<index_not_selected>, selectedIndexId=1784297227176, preAgg=UNSET, operativeCol=[], virtualColumns=[] ), states: []
            +--**LogicalFilter[92] ( predicates=( not l_orderkey#17 IS NULL) ), states: []
               +--LogicalProject[57] ( distinct=false, projects=[L_ORDERKEY#17, L_PARTKEY#18, L_SUPPKEY#19, L_LINENUMBER#20, L_QUANTITY#21, L_EXTENDEDPRICE#22, L_DISCOUNT#23, L_TAX#24, L_RETURNFLAG#25, L_LINESTATUS#26, L_SHIPDATE#27, L_COMMITDATE#28, L_RECEIPTDATE#29, L_SHIPINSTRUCT#30, L_SHIPMODE#31, L_COMMENT#32] ), states: [rewrite_state: RewriteStateContext{rewriteState=REWRITTEN, batchId=11782}]
                  +--LogicalOlapScan[25] ( qualified=internal.regression_test_nereids_tpch_p0.lineitem, alias=l, indexName=<index_not_selected>, selectedIndexId=1784297227153, preAgg=UNSET, operativeCol=[], virtualColumns=[] ), states: []	LogicalResultSink[30] ( outputExprs=[c_custkey#0, o_orderkey#8, l_linenumber#20, o_orderdate#12] ), states: []
+--LogicalSort[28] ( orderKeys=[o_orderdate#12 asc null first, o_orderkey#8 asc null first, l_linenumber#20 asc null first] ), states: []
   +--LogicalProject[18] ( distinct=false, projects=[c_custkey#0, o_orderkey#8, l_linenumber#20, o_orderdate#12] ), states: []
      +--LogicalFilter[72] ( predicates=AND[(c_mktsegment#6 = 'BUILDING'),(o_orderdate#12 < 1995-03-15),(l_shipdate#27 > 1995-03-15),( not c_mktsegment#6 IS NULL),( not o_orderdate#12 IS NULL),( not l_shipdate#27 IS NULL)] ), states: []
         +--LogicalJoin[26] ( type=INNER_JOIN, markJoinSlotReference=Optional.empty, hashJoinConjuncts=[], otherJoinConjuncts=[(o_orderkey#8 = l_orderkey#17)], markJoinConjuncts=[] ), states: []
            |--LogicalJoin[246] ( type=INNER_JOIN, markJoinSlotReference=Optional.empty, hashJoinConjuncts=[], otherJoinConjuncts=[(c_custkey#0 = o_custkey#9)], markJoinConjuncts=[] ), states: [rewrite_state: RewriteStateContext{rewriteState=REWRITTEN, batchId=11782}]
            |  |--LogicalProject[31] ( distinct=false, projects=[C_CUSTKEY#0, C_NAME#1, C_ADDRESS#2, C_NATIONKEY#3, C_PHONE#4, C_ACCTBAL#5, C_MKTSEGMENT#6, C_COMMENT#7] ), states: [rewrite_state: RewriteStateContext{rewriteState=REWRITTEN, batchId=11782}]
            |  |  +--LogicalFilter[163] ( predicates=( not c_custkey#0 IS NULL) ), states: [rewrite_state: RewriteStateContext{rewriteState=REWRITTEN, batchId=11782}]
            |  |     +--LogicalOlapScan[22] ( qualified=internal.regression_test_nereids_tpch_p0.customer, alias=c, indexName=<index_not_selected>, selectedIndexId=1784297227142, preAgg=UNSET, operativeCol=[], virtualColumns=[] ), states: []
            |  +--LogicalProject[44] ( distinct=false, projects=[O_ORDERKEY#8, O_CUSTKEY#9, O_ORDERSTATUS#10, O_TOTALPRICE#11, O_ORDERDATE#12, O_ORDERPRIORITY#13, O_CLERK#14, O_SHIPPRIORITY#15, O_COMMENT#16] ), states: [rewrite_state: RewriteStateContext{rewriteState=REWRITTEN, batchId=11782}]
            |     +--LogicalFilter[328] ( predicates=AND[( not o_orderkey#8 IS NULL),( not o_custkey#9 IS NULL)] ), states: [rewrite_state: RewriteStateContext{rewriteState=REWRITTEN, batchId=11782}]
            |        +--LogicalOlapScan[23] ( qualified=internal.regression_test_nereids_tpch_p0.orders, alias=o, indexName=<index_not_selected>, selectedIndexId=1784297227176, preAgg=UNSET, operativeCol=[], virtualColumns=[] ), states: []
            +--**LogicalProject[57] ( distinct=false, projects=[L_ORDERKEY#17, L_PARTKEY#18, L_SUPPKEY#19, L_LINENUMBER#20, L_QUANTITY#21, L_EXTENDEDPRICE#22, L_DISCOUNT#23, L_TAX#24, L_RETURNFLAG#25, L_LINESTATUS#26, L_SHIPDATE#27, L_COMMITDATE#28, L_RECEIPTDATE#29, L_SHIPINSTRUCT#30, L_SHIPMODE#31, L_COMMENT#32] ), states: []
               +--LogicalFilter[369] ( predicates=( not l_orderkey#17 IS NULL) ), states: []
                  +--LogicalOlapScan[25] ( qualified=internal.regression_test_nereids_tpch_p0.lineitem, alias=l, indexName=<index_not_selected>, selectedIndexId=1784297227153, preAgg=UNSET, operativeCol=[], virtualColumns=[] ), states: []
PUSH_DOWN_FILTER_THROUGH_JOIN	LogicalResultSink[30] ( outputExprs=[c_custkey#0, o_orderkey#8, l_linenumber#20, o_orderdate#12] ), states: []
+--LogicalSort[28] ( orderKeys=[o_orderdate#12 asc null first, o_orderkey#8 asc null first, l_linenumber#20 asc null first] ), states: []
   +--LogicalProject[18] ( distinct=false, projects=[c_custkey#0, o_orderkey#8, l_linenumber#20, o_orderdate#12] ), states: []
      +--**LogicalFilter[72] ( predicates=AND[(c_mktsegment#6 = 'BUILDING'),(o_orderdate#12 < 1995-03-15),(l_shipdate#27 > 1995-03-15),( not c_mktsegment#6 IS NULL),( not o_orderdate#12 IS NULL),( not l_shipdate#27 IS NULL)] ), states: []
         +--LogicalJoin[26] ( type=INNER_JOIN, markJoinSlotReference=Optional.empty, hashJoinConjuncts=[], otherJoinConjuncts=[(o_orderkey#8 = l_orderkey#17)], markJoinConjuncts=[] ), states: [rewrite_state: RewriteStateContext{rewriteState=REWRITTEN, batchId=11782}]
            |--LogicalJoin[246] ( type=INNER_JOIN, markJoinSlotReference=Optional.empty, hashJoinConjuncts=[], otherJoinConjuncts=[(c_custkey#0 = o_custkey#9)], markJoinConjuncts=[] ), states: [rewrite_state: RewriteStateContext{rewriteState=REWRITTEN, batchId=11782}]
            |  |--LogicalProject[31] ( distinct=false, projects=[C_CUSTKEY#0, C_NAME#1, C_ADDRESS#2, C_NATIONKEY#3, C_PHONE#4, C_ACCTBAL#5, C_MKTSEGMENT#6, C_COMMENT#7] ), states: [rewrite_state: RewriteStateContext{rewriteState=REWRITTEN, batchId=11782}]
            |  |  +--LogicalFilter[163] ( predicates=( not c_custkey#0 IS NULL) ), states: [rewrite_state: RewriteStateContext{rewriteState=REWRITTEN, batchId=11782}]
            |  |     +--LogicalOlapScan[22] ( qualified=internal.regression_test_nereids_tpch_p0.customer, alias=c, indexName=<index_not_selected>, selectedIndexId=1784297227142, preAgg=UNSET, operativeCol=[], virtualColumns=[] ), states: []
            |  +--LogicalProject[44] ( distinct=false, projects=[O_ORDERKEY#8, O_CUSTKEY#9, O_ORDERSTATUS#10, O_TOTALPRICE#11, O_ORDERDATE#12, O_ORDERPRIORITY#13, O_CLERK#14, O_SHIPPRIORITY#15, O_COMMENT#16] ), states: [rewrite_state: RewriteStateContext{rewriteState=REWRITTEN, batchId=11782}]
            |     +--LogicalFilter[328] ( predicates=AND[( not o_orderkey#8 IS NULL),( not o_custkey#9 IS NULL)] ), states: [rewrite_state: RewriteStateContext{rewriteState=REWRITTEN, batchId=11782}]
            |        +--LogicalOlapScan[23] ( qualified=internal.regression_test_nereids_tpch_p0.orders, alias=o, indexName=<index_not_selected>, selectedIndexId=1784297227176, preAgg=UNSET, operativeCol=[], virtualColumns=[] ), states: []
            +--LogicalProject[57] ( distinct=false, projects=[L_ORDERKEY#17, L_PARTKEY#18, L_SUPPKEY#19, L_LINENUMBER#20, L_QUANTITY#21, L_EXTENDEDPRICE#22, L_DISCOUNT#23, L_TAX#24, L_RETURNFLAG#25, L_LINESTATUS#26, L_SHIPDATE#27, L_COMMITDATE#28, L_RECEIPTDATE#29, L_SHIPINSTRUCT#30, L_SHIPMODE#31, L_COMMENT#32] ), states: [rewrite_state: RewriteStateContext{rewriteState=REWRITTEN, batchId=11782}]
               +--LogicalFilter[369] ( predicates=( not l_orderkey#17 IS NULL) ), states: [rewrite_state: RewriteStateContext{rewriteState=REWRITTEN, batchId=11782}]
                  +--LogicalOlapScan[25] ( qualified=internal.regression_test_nereids_tpch_p0.lineitem, alias=l, indexName=<index_not_selected>, selectedIndexId=1784297227153, preAgg=UNSET, operativeCol=[], virtualColumns=[] ), states: []	LogicalResultSink[30] ( outputExprs=[c_custkey#0, o_orderkey#8, l_linenumber#20, o_orderdate#12] ), states: []
+--LogicalSort[28] ( orderKeys=[o_orderdate#12 asc null first, o_orderkey#8 asc null first, l_linenumber#20 asc null first] ), states: []
   +--LogicalProject[18] ( distinct=false, projects=[c_custkey#0, o_orderkey#8, l_linenumber#20, o_orderdate#12] ), states: []
      +--**LogicalJoin[412] ( type=INNER_JOIN, markJoinSlotReference=Optional.empty, hashJoinConjuncts=[], otherJoinConjuncts=[(o_orderkey#8 = l_orderkey#17)], markJoinConjuncts=[] ), states: []
         |--LogicalFilter[410] ( predicates=AND[(c_mktsegment#6 = 'BUILDING'),(o_orderdate#12 < 1995-03-15),( not c_mktsegment#6 IS NULL),( not o_orderdate#12 IS NULL)] ), states: []
         |  +--LogicalJoin[246] ( type=INNER_JOIN, markJoinSlotReference=Optional.empty, hashJoinConjuncts=[], otherJoinConjuncts=[(c_custkey#0 = o_custkey#9)], markJoinConjuncts=[] ), states: [rewrite_state: RewriteStateContext{rewriteState=REWRITTEN, batchId=11782}]
         |     |--LogicalProject[31] ( distinct=false, projects=[C_CUSTKEY#0, C_NAME#1, C_ADDRESS#2, C_NATIONKEY#3, C_PHONE#4, C_ACCTBAL#5, C_MKTSEGMENT#6, C_COMMENT#7] ), states: [rewrite_state: RewriteStateContext{rewriteState=REWRITTEN, batchId=11782}]
         |     |  +--LogicalFilter[163] ( predicates=( not c_custkey#0 IS NULL) ), states: [rewrite_state: RewriteStateContext{rewriteState=REWRITTEN, batchId=11782}]
         |     |     +--LogicalOlapScan[22] ( qualified=internal.regression_test_nereids_tpch_p0.customer, alias=c, indexName=<index_not_selected>, selectedIndexId=1784297227142, preAgg=UNSET, operativeCol=[], virtualColumns=[] ), states: []
         |     +--LogicalProject[44] ( distinct=false, projects=[O_ORDERKEY#8, O_CUSTKEY#9, O_ORDERSTATUS#10, O_TOTALPRICE#11, O_ORDERDATE#12, O_ORDERPRIORITY#13, O_CLERK#14, O_SHIPPRIORITY#15, O_COMMENT#16] ), states: [rewrite_state: RewriteStateContext{rewriteState=REWRITTEN, batchId=11782}]
         |        +--LogicalFilter[328] ( predicates=AND[( not o_orderkey#8 IS NULL),( not o_custkey#9 IS NULL)] ), states: [rewrite_state: RewriteStateContext{rewriteState=REWRITTEN, batchId=11782}]
         |           +--LogicalOlapScan[23] ( qualified=internal.regression_test_nereids_tpch_p0.orders, alias=o, indexName=<index_not_selected>, selectedIndexId=1784297227176, preAgg=UNSET, operativeCol=[], virtualColumns=[] ), states: []
         +--LogicalFilter[411] ( predicates=AND[(l_shipdate#27 > 1995-03-15),( not l_shipdate#27 IS NULL)] ), states: []
            +--LogicalProject[57] ( distinct=false, projects=[L_ORDERKEY#17, L_PARTKEY#18, L_SUPPKEY#19, L_LINENUMBER#20, L_QUANTITY#21, L_EXTENDEDPRICE#22, L_DISCOUNT#23, L_TAX#24, L_RETURNFLAG#25, L_LINESTATUS#26, L_SHIPDATE#27, L_COMMITDATE#28, L_RECEIPTDATE#29, L_SHIPINSTRUCT#30, L_SHIPMODE#31, L_COMMENT#32] ), states: [rewrite_state: RewriteStateContext{rewriteState=REWRITTEN, batchId=11782}]
               +--LogicalFilter[369] ( predicates=( not l_orderkey#17 IS NULL) ), states: [rewrite_state: RewriteStateContext{rewriteState=REWRITTEN, batchId=11782}]
                  +--LogicalOlapScan[25] ( qualified=internal.regression_test_nereids_tpch_p0.lineitem, alias=l, indexName=<index_not_selected>, selectedIndexId=1784297227153, preAgg=UNSET, operativeCol=[], virtualColumns=[] ), states: []
PUSH_DOWN_FILTER_THROUGH_JOIN	LogicalResultSink[30] ( outputExprs=[c_custkey#0, o_orderkey#8, l_linenumber#20, o_orderdate#12] ), states: []
+--LogicalSort[28] ( orderKeys=[o_orderdate#12 asc null first, o_orderkey#8 asc null first, l_linenumber#20 asc null first] ), states: []
   +--LogicalProject[18] ( distinct=false, projects=[c_custkey#0, o_orderkey#8, l_linenumber#20, o_orderdate#12] ), states: []
      +--LogicalJoin[412] ( type=INNER_JOIN, markJoinSlotReference=Optional.empty, hashJoinConjuncts=[], otherJoinConjuncts=[(o_orderkey#8 = l_orderkey#17)], markJoinConjuncts=[] ), states: []
         |--**LogicalFilter[410] ( predicates=AND[(c_mktsegment#6 = 'BUILDING'),(o_orderdate#12 < 1995-03-15),( not c_mktsegment#6 IS NULL),( not o_orderdate#12 IS NULL)] ), states: []
         |  +--LogicalJoin[246] ( type=INNER_JOIN, markJoinSlotReference=Optional.empty, hashJoinConjuncts=[], otherJoinConjuncts=[(c_custkey#0 = o_custkey#9)], markJoinConjuncts=[] ), states: [rewrite_state: RewriteStateContext{rewriteState=REWRITTEN, batchId=11782}]
         |     |--LogicalProject[31] ( distinct=false, projects=[C_CUSTKEY#0, C_NAME#1, C_ADDRESS#2, C_NATIONKEY#3, C_PHONE#4, C_ACCTBAL#5, C_MKTSEGMENT#6, C_COMMENT#7] ), states: [rewrite_state: RewriteStateContext{rewriteState=REWRITTEN, batchId=11782}]
         |     |  +--LogicalFilter[163] ( predicates=( not c_custkey#0 IS NULL) ), states: [rewrite_state: RewriteStateContext{rewriteState=REWRITTEN, batchId=11782}]
         |     |     +--LogicalOlapScan[22] ( qualified=internal.regression_test_nereids_tpch_p0.customer, alias=c, indexName=<index_not_selected>, selectedIndexId=1784297227142, preAgg=UNSET, operativeCol=[], virtualColumns=[] ), states: []
         |     +--LogicalProject[44] ( distinct=false, projects=[O_ORDERKEY#8, O_CUSTKEY#9, O_ORDERSTATUS#10, O_TOTALPRICE#11, O_ORDERDATE#12, O_ORDERPRIORITY#13, O_CLERK#14, O_SHIPPRIORITY#15, O_COMMENT#16] ), states: [rewrite_state: RewriteStateContext{rewriteState=REWRITTEN, batchId=11782}]
         |        +--LogicalFilter[328] ( predicates=AND[( not o_orderkey#8 IS NULL),( not o_custkey#9 IS NULL)] ), states: [rewrite_state: RewriteStateContext{rewriteState=REWRITTEN, batchId=11782}]
         |           +--LogicalOlapScan[23] ( qualified=internal.regression_test_nereids_tpch_p0.orders, alias=o, indexName=<index_not_selected>, selectedIndexId=1784297227176, preAgg=UNSET, operativeCol=[], virtualColumns=[] ), states: []
         +--LogicalFilter[411] ( predicates=AND[(l_shipdate#27 > 1995-03-15),( not l_shipdate#27 IS NULL)] ), states: []
            +--LogicalProject[57] ( distinct=false, projects=[L_ORDERKEY#17, L_PARTKEY#18, L_SUPPKEY#19, L_LINENUMBER#20, L_QUANTITY#21, L_EXTENDEDPRICE#22, L_DISCOUNT#23, L_TAX#24, L_RETURNFLAG#25, L_LINESTATUS#26, L_SHIPDATE#27, L_COMMITDATE#28, L_RECEIPTDATE#29, L_SHIPINSTRUCT#30, L_SHIPMODE#31, L_COMMENT#32] ), states: [rewrite_state: RewriteStateContext{rewriteState=REWRITTEN, batchId=11782}]
               +--LogicalFilter[369] ( predicates=( not l_orderkey#17 IS NULL) ), states: [rewrite_state: RewriteStateContext{rewriteState=REWRITTEN, batchId=11782}]
                  +--LogicalOlapScan[25] ( qualified=internal.regression_test_nereids_tpch_p0.lineitem, alias=l, indexName=<index_not_selected>, selectedIndexId=1784297227153, preAgg=UNSET, operativeCol=[], virtualColumns=[] ), states: []	LogicalResultSink[30] ( outputExprs=[c_custkey#0, o_orderkey#8, l_linenumber#20, o_orderdate#12] ), states: []
+--LogicalSort[28] ( orderKeys=[o_orderdate#12 asc null first, o_orderkey#8 asc null first, l_linenumber#20 asc null first] ), states: []
   +--LogicalProject[18] ( distinct=false, projects=[c_custkey#0, o_orderkey#8, l_linenumber#20, o_orderdate#12] ), states: []
      +--LogicalJoin[412] ( type=INNER_JOIN, markJoinSlotReference=Optional.empty, hashJoinConjuncts=[], otherJoinConjuncts=[(o_orderkey#8 = l_orderkey#17)], markJoinConjuncts=[] ), states: []
         |--**LogicalJoin[455] ( type=INNER_JOIN, markJoinSlotReference=Optional.empty, hashJoinConjuncts=[], otherJoinConjuncts=[(c_custkey#0 = o_custkey#9)], markJoinConjuncts=[] ), states: []
         |  |--LogicalFilter[453] ( predicates=AND[(c_mktsegment#6 = 'BUILDING'),( not c_mktsegment#6 IS NULL)] ), states: []
         |  |  +--LogicalProject[31] ( distinct=false, projects=[C_CUSTKEY#0, C_NAME#1, C_ADDRESS#2, C_NATIONKEY#3, C_PHONE#4, C_ACCTBAL#5, C_MKTSEGMENT#6, C_COMMENT#7] ), states: [rewrite_state: RewriteStateContext{rewriteState=REWRITTEN, batchId=11782}]
         |  |     +--LogicalFilter[163] ( predicates=( not c_custkey#0 IS NULL) ), states: [rewrite_state: RewriteStateContext{rewriteState=REWRITTEN, batchId=11782}]
         |  |        +--LogicalOlapScan[22] ( qualified=internal.regression_test_nereids_tpch_p0.customer, alias=c, indexName=<index_not_selected>, selectedIndexId=1784297227142, preAgg=UNSET, operativeCol=[], virtualColumns=[] ), states: []
         |  +--LogicalFilter[454] ( predicates=AND[(o_orderdate#12 < 1995-03-15),( not o_orderdate#12 IS NULL)] ), states: []
         |     +--LogicalProject[44] ( distinct=false, projects=[O_ORDERKEY#8, O_CUSTKEY#9, O_ORDERSTATUS#10, O_TOTALPRICE#11, O_ORDERDATE#12, O_ORDERPRIORITY#13, O_CLERK#14, O_SHIPPRIORITY#15, O_COMMENT#16] ), states: [rewrite_state: RewriteStateContext{rewriteState=REWRITTEN, batchId=11782}]
         |        +--LogicalFilter[328] ( predicates=AND[( not o_orderkey#8 IS NULL),( not o_custkey#9 IS NULL)] ), states: [rewrite_state: RewriteStateContext{rewriteState=REWRITTEN, batchId=11782}]
         |           +--LogicalOlapScan[23] ( qualified=internal.regression_test_nereids_tpch_p0.orders, alias=o, indexName=<index_not_selected>, selectedIndexId=1784297227176, preAgg=UNSET, operativeCol=[], virtualColumns=[] ), states: []
         +--LogicalFilter[411] ( predicates=AND[(l_shipdate#27 > 1995-03-15),( not l_shipdate#27 IS NULL)] ), states: []
            +--LogicalProject[57] ( distinct=false, projects=[L_ORDERKEY#17, L_PARTKEY#18, L_SUPPKEY#19, L_LINENUMBER#20, L_QUANTITY#21, L_EXTENDEDPRICE#22, L_DISCOUNT#23, L_TAX#24, L_RETURNFLAG#25, L_LINESTATUS#26, L_SHIPDATE#27, L_COMMITDATE#28, L_RECEIPTDATE#29, L_SHIPINSTRUCT#30, L_SHIPMODE#31, L_COMMENT#32] ), states: [rewrite_state: RewriteStateContext{rewriteState=REWRITTEN, batchId=11782}]
               +--LogicalFilter[369] ( predicates=( not l_orderkey#17 IS NULL) ), states: [rewrite_state: RewriteStateContext{rewriteState=REWRITTEN, batchId=11782}]
                  +--LogicalOlapScan[25] ( qualified=internal.regression_test_nereids_tpch_p0.lineitem, alias=l, indexName=<index_not_selected>, selectedIndexId=1784297227153, preAgg=UNSET, operativeCol=[], virtualColumns=[] ), states: []
PUSH_DOWN_FILTER_THROUGH_PROJECT	LogicalResultSink[30] ( outputExprs=[c_custkey#0, o_orderkey#8, l_linenumber#20, o_orderdate#12] ), states: []
+--LogicalSort[28] ( orderKeys=[o_orderdate#12 asc null first, o_orderkey#8 asc null first, l_linenumber#20 asc null first] ), states: []
   +--LogicalProject[18] ( distinct=false, projects=[c_custkey#0, o_orderkey#8, l_linenumber#20, o_orderdate#12] ), states: []
      +--LogicalJoin[412] ( type=INNER_JOIN, markJoinSlotReference=Optional.empty, hashJoinConjuncts=[], otherJoinConjuncts=[(o_orderkey#8 = l_orderkey#17)], markJoinConjuncts=[] ), states: []
         |--LogicalJoin[455] ( type=INNER_JOIN, markJoinSlotReference=Optional.empty, hashJoinConjuncts=[], otherJoinConjuncts=[(c_custkey#0 = o_custkey#9)], markJoinConjuncts=[] ), states: []
         |  |--**LogicalFilter[453] ( predicates=AND[(c_mktsegment#6 = 'BUILDING'),( not c_mktsegment#6 IS NULL)] ), states: []
         |  |  +--LogicalProject[31] ( distinct=false, projects=[C_CUSTKEY#0, C_NAME#1, C_ADDRESS#2, C_NATIONKEY#3, C_PHONE#4, C_ACCTBAL#5, C_MKTSEGMENT#6, C_COMMENT#7] ), states: [rewrite_state: RewriteStateContext{rewriteState=REWRITTEN, batchId=11782}]
         |  |     +--LogicalFilter[163] ( predicates=( not c_custkey#0 IS NULL) ), states: [rewrite_state: RewriteStateContext{rewriteState=REWRITTEN, batchId=11782}]
         |  |        +--LogicalOlapScan[22] ( qualified=internal.regression_test_nereids_tpch_p0.customer, alias=c, indexName=<index_not_selected>, selectedIndexId=1784297227142, preAgg=UNSET, operativeCol=[], virtualColumns=[] ), states: []
         |  +--LogicalFilter[454] ( predicates=AND[(o_orderdate#12 < 1995-03-15),( not o_orderdate#12 IS NULL)] ), states: []
         |     +--LogicalProject[44] ( distinct=false, projects=[O_ORDERKEY#8, O_CUSTKEY#9, O_ORDERSTATUS#10, O_TOTALPRICE#11, O_ORDERDATE#12, O_ORDERPRIORITY#13, O_CLERK#14, O_SHIPPRIORITY#15, O_COMMENT#16] ), states: [rewrite_state: RewriteStateContext{rewriteState=REWRITTEN, batchId=11782}]
         |        +--LogicalFilter[328] ( predicates=AND[( not o_orderkey#8 IS NULL),( not o_custkey#9 IS NULL)] ), states: [rewrite_state: RewriteStateContext{rewriteState=REWRITTEN, batchId=11782}]
         |           +--LogicalOlapScan[23] ( qualified=internal.regression_test_nereids_tpch_p0.orders, alias=o, indexName=<index_not_selected>, selectedIndexId=1784297227176, preAgg=UNSET, operativeCol=[], virtualColumns=[] ), states: []
         +--LogicalFilter[411] ( predicates=AND[(l_shipdate#27 > 1995-03-15),( not l_shipdate#27 IS NULL)] ), states: []
            +--LogicalProject[57] ( distinct=false, projects=[L_ORDERKEY#17, L_PARTKEY#18, L_SUPPKEY#19, L_LINENUMBER#20, L_QUANTITY#21, L_EXTENDEDPRICE#22, L_DISCOUNT#23, L_TAX#24, L_RETURNFLAG#25, L_LINESTATUS#26, L_SHIPDATE#27, L_COMMITDATE#28, L_RECEIPTDATE#29, L_SHIPINSTRUCT#30, L_SHIPMODE#31, L_COMMENT#32] ), states: [rewrite_state: RewriteStateContext{rewriteState=REWRITTEN, batchId=11782}]
               +--LogicalFilter[369] ( predicates=( not l_orderkey#17 IS NULL) ), states: [rewrite_state: RewriteStateContext{rewriteState=REWRITTEN, batchId=11782}]
                  +--LogicalOlapScan[25] ( qualified=internal.regression_test_nereids_tpch_p0.lineitem, alias=l, indexName=<index_not_selected>, selectedIndexId=1784297227153, preAgg=UNSET, operativeCol=[], virtualColumns=[] ), states: []	LogicalResultSink[30] ( outputExprs=[c_custkey#0, o_orderkey#8, l_linenumber#20, o_orderdate#12] ), states: []
+--LogicalSort[28] ( orderKeys=[o_orderdate#12 asc null first, o_orderkey#8 asc null first, l_linenumber#20 asc null first] ), states: []
   +--LogicalProject[18] ( distinct=false, projects=[c_custkey#0, o_orderkey#8, l_linenumber#20, o_orderdate#12] ), states: []
      +--LogicalJoin[412] ( type=INNER_JOIN, markJoinSlotReference=Optional.empty, hashJoinConjuncts=[], otherJoinConjuncts=[(o_orderkey#8 = l_orderkey#17)], markJoinConjuncts=[] ), states: []
         |--LogicalJoin[455] ( type=INNER_JOIN, markJoinSlotReference=Optional.empty, hashJoinConjuncts=[], otherJoinConjuncts=[(c_custkey#0 = o_custkey#9)], markJoinConjuncts=[] ), states: []
         |  |--**LogicalProject[31] ( distinct=false, projects=[C_CUSTKEY#0, C_NAME#1, C_ADDRESS#2, C_NATIONKEY#3, C_PHONE#4, C_ACCTBAL#5, C_MKTSEGMENT#6, C_COMMENT#7] ), states: []
         |  |  +--LogicalFilter[496] ( predicates=AND[(c_mktsegment#6 = 'BUILDING'),( not c_mktsegment#6 IS NULL)] ), states: []
         |  |     +--LogicalFilter[163] ( predicates=( not c_custkey#0 IS NULL) ), states: [rewrite_state: RewriteStateContext{rewriteState=REWRITTEN, batchId=11782}]
         |  |        +--LogicalOlapScan[22] ( qualified=internal.regression_test_nereids_tpch_p0.customer, alias=c, indexName=<index_not_selected>, selectedIndexId=1784297227142, preAgg=UNSET, operativeCol=[], virtualColumns=[] ), states: []
         |  +--LogicalFilter[454] ( predicates=AND[(o_orderdate#12 < 1995-03-15),( not o_orderdate#12 IS NULL)] ), states: []
         |     +--LogicalProject[44] ( distinct=false, projects=[O_ORDERKEY#8, O_CUSTKEY#9, O_ORDERSTATUS#10, O_TOTALPRICE#11, O_ORDERDATE#12, O_ORDERPRIORITY#13, O_CLERK#14, O_SHIPPRIORITY#15, O_COMMENT#16] ), states: [rewrite_state: RewriteStateContext{rewriteState=REWRITTEN, batchId=11782}]
         |        +--LogicalFilter[328] ( predicates=AND[( not o_orderkey#8 IS NULL),( not o_custkey#9 IS NULL)] ), states: [rewrite_state: RewriteStateContext{rewriteState=REWRITTEN, batchId=11782}]
         |           +--LogicalOlapScan[23] ( qualified=internal.regression_test_nereids_tpch_p0.orders, alias=o, indexName=<index_not_selected>, selectedIndexId=1784297227176, preAgg=UNSET, operativeCol=[], virtualColumns=[] ), states: []
         +--LogicalFilter[411] ( predicates=AND[(l_shipdate#27 > 1995-03-15),( not l_shipdate#27 IS NULL)] ), states: []
            +--LogicalProject[57] ( distinct=false, projects=[L_ORDERKEY#17, L_PARTKEY#18, L_SUPPKEY#19, L_LINENUMBER#20, L_QUANTITY#21, L_EXTENDEDPRICE#22, L_DISCOUNT#23, L_TAX#24, L_RETURNFLAG#25, L_LINESTATUS#26, L_SHIPDATE#27, L_COMMITDATE#28, L_RECEIPTDATE#29, L_SHIPINSTRUCT#30, L_SHIPMODE#31, L_COMMENT#32] ), states: [rewrite_state: RewriteStateContext{rewriteState=REWRITTEN, batchId=11782}]
               +--LogicalFilter[369] ( predicates=( not l_orderkey#17 IS NULL) ), states: [rewrite_state: RewriteStateContext{rewriteState=REWRITTEN, batchId=11782}]
                  +--LogicalOlapScan[25] ( qualified=internal.regression_test_nereids_tpch_p0.lineitem, alias=l, indexName=<index_not_selected>, selectedIndexId=1784297227153, preAgg=UNSET, operativeCol=[], virtualColumns=[] ), states: []
MERGE_FILTERS	LogicalResultSink[30] ( outputExprs=[c_custkey#0, o_orderkey#8, l_linenumber#20, o_orderdate#12] ), states: []
+--LogicalSort[28] ( orderKeys=[o_orderdate#12 asc null first, o_orderkey#8 asc null first, l_linenumber#20 asc null first] ), states: []
   +--LogicalProject[18] ( distinct=false, projects=[c_custkey#0, o_orderkey#8, l_linenumber#20, o_orderdate#12] ), states: []
      +--LogicalJoin[412] ( type=INNER_JOIN, markJoinSlotReference=Optional.empty, hashJoinConjuncts=[], otherJoinConjuncts=[(o_orderkey#8 = l_orderkey#17)], markJoinConjuncts=[] ), states: []
         |--LogicalJoin[455] ( type=INNER_JOIN, markJoinSlotReference=Optional.empty, hashJoinConjuncts=[], otherJoinConjuncts=[(c_custkey#0 = o_custkey#9)], markJoinConjuncts=[] ), states: []
         |  |--LogicalProject[31] ( distinct=false, projects=[C_CUSTKEY#0, C_NAME#1, C_ADDRESS#2, C_NATIONKEY#3, C_PHONE#4, C_ACCTBAL#5, C_MKTSEGMENT#6, C_COMMENT#7] ), states: []
         |  |  +--**LogicalFilter[496] ( predicates=AND[(c_mktsegment#6 = 'BUILDING'),( not c_mktsegment#6 IS NULL)] ), states: []
         |  |     +--LogicalFilter[163] ( predicates=( not c_custkey#0 IS NULL) ), states: [rewrite_state: RewriteStateContext{rewriteState=REWRITTEN, batchId=11782}]
         |  |        +--LogicalOlapScan[22] ( qualified=internal.regression_test_nereids_tpch_p0.customer, alias=c, indexName=<index_not_selected>, selectedIndexId=1784297227142, preAgg=UNSET, operativeCol=[], virtualColumns=[] ), states: []
         |  +--LogicalFilter[454] ( predicates=AND[(o_orderdate#12 < 1995-03-15),( not o_orderdate#12 IS NULL)] ), states: []
         |     +--LogicalProject[44] ( distinct=false, projects=[O_ORDERKEY#8, O_CUSTKEY#9, O_ORDERSTATUS#10, O_TOTALPRICE#11, O_ORDERDATE#12, O_ORDERPRIORITY#13, O_CLERK#14, O_SHIPPRIORITY#15, O_COMMENT#16] ), states: [rewrite_state: RewriteStateContext{rewriteState=REWRITTEN, batchId=11782}]
         |        +--LogicalFilter[328] ( predicates=AND[( not o_orderkey#8 IS NULL),( not o_custkey#9 IS NULL)] ), states: [rewrite_state: RewriteStateContext{rewriteState=REWRITTEN, batchId=11782}]
         |           +--LogicalOlapScan[23] ( qualified=internal.regression_test_nereids_tpch_p0.orders, alias=o, indexName=<index_not_selected>, selectedIndexId=1784297227176, preAgg=UNSET, operativeCol=[], virtualColumns=[] ), states: []
         +--LogicalFilter[411] ( predicates=AND[(l_shipdate#27 > 1995-03-15),( not l_shipdate#27 IS NULL)] ), states: []
            +--LogicalProject[57] ( distinct=false, projects=[L_ORDERKEY#17, L_PARTKEY#18, L_SUPPKEY#19, L_LINENUMBER#20, L_QUANTITY#21, L_EXTENDEDPRICE#22, L_DISCOUNT#23, L_TAX#24, L_RETURNFLAG#25, L_LINESTATUS#26, L_SHIPDATE#27, L_COMMITDATE#28, L_RECEIPTDATE#29, L_SHIPINSTRUCT#30, L_SHIPMODE#31, L_COMMENT#32] ), states: [rewrite_state: RewriteStateContext{rewriteState=REWRITTEN, batchId=11782}]
               +--LogicalFilter[369] ( predicates=( not l_orderkey#17 IS NULL) ), states: [rewrite_state: RewriteStateContext{rewriteState=REWRITTEN, batchId=11782}]
                  +--LogicalOlapScan[25] ( qualified=internal.regression_test_nereids_tpch_p0.lineitem, alias=l, indexName=<index_not_selected>, selectedIndexId=1784297227153, preAgg=UNSET, operativeCol=[], virtualColumns=[] ), states: []	LogicalResultSink[30] ( outputExprs=[c_custkey#0, o_orderkey#8, l_linenumber#20, o_orderdate#12] ), states: []
+--LogicalSort[28] ( orderKeys=[o_orderdate#12 asc null first, o_orderkey#8 asc null first, l_linenumber#20 asc null first] ), states: []
   +--LogicalProject[18] ( distinct=false, projects=[c_custkey#0, o_orderkey#8, l_linenumber#20, o_orderdate#12] ), states: []
      +--LogicalJoin[412] ( type=INNER_JOIN, markJoinSlotReference=Optional.empty, hashJoinConjuncts=[], otherJoinConjuncts=[(o_orderkey#8 = l_orderkey#17)], markJoinConjuncts=[] ), states: []
         |--LogicalJoin[455] ( type=INNER_JOIN, markJoinSlotReference=Optional.empty, hashJoinConjuncts=[], otherJoinConjuncts=[(c_custkey#0 = o_custkey#9)], markJoinConjuncts=[] ), states: []
         |  |--LogicalProject[31] ( distinct=false, projects=[C_CUSTKEY#0, C_NAME#1, C_ADDRESS#2, C_NATIONKEY#3, C_PHONE#4, C_ACCTBAL#5, C_MKTSEGMENT#6, C_COMMENT#7] ), states: []
         |  |  +--**LogicalFilter[537] ( predicates=AND[(c_mktsegment#6 = 'BUILDING'),( not c_mktsegment#6 IS NULL),( not c_custkey#0 IS NULL)] ), states: []
         |  |     +--LogicalOlapScan[22] ( qualified=internal.regression_test_nereids_tpch_p0.customer, alias=c, indexName=<index_not_selected>, selectedIndexId=1784297227142, preAgg=UNSET, operativeCol=[], virtualColumns=[] ), states: []
         |  +--LogicalFilter[454] ( predicates=AND[(o_orderdate#12 < 1995-03-15),( not o_orderdate#12 IS NULL)] ), states: []
         |     +--LogicalProject[44] ( distinct=false, projects=[O_ORDERKEY#8, O_CUSTKEY#9, O_ORDERSTATUS#10, O_TOTALPRICE#11, O_ORDERDATE#12, O_ORDERPRIORITY#13, O_CLERK#14, O_SHIPPRIORITY#15, O_COMMENT#16] ), states: [rewrite_state: RewriteStateContext{rewriteState=REWRITTEN, batchId=11782}]
         |        +--LogicalFilter[328] ( predicates=AND[( not o_orderkey#8 IS NULL),( not o_custkey#9 IS NULL)] ), states: [rewrite_state: RewriteStateContext{rewriteState=REWRITTEN, batchId=11782}]
         |           +--LogicalOlapScan[23] ( qualified=internal.regression_test_nereids_tpch_p0.orders, alias=o, indexName=<index_not_selected>, selectedIndexId=1784297227176, preAgg=UNSET, operativeCol=[], virtualColumns=[] ), states: []
         +--LogicalFilter[411] ( predicates=AND[(l_shipdate#27 > 1995-03-15),( not l_shipdate#27 IS NULL)] ), states: []
            +--LogicalProject[57] ( distinct=false, projects=[L_ORDERKEY#17, L_PARTKEY#18, L_SUPPKEY#19, L_LINENUMBER#20, L_QUANTITY#21, L_EXTENDEDPRICE#22, L_DISCOUNT#23, L_TAX#24, L_RETURNFLAG#25, L_LINESTATUS#26, L_SHIPDATE#27, L_COMMITDATE#28, L_RECEIPTDATE#29, L_SHIPINSTRUCT#30, L_SHIPMODE#31, L_COMMENT#32] ), states: [rewrite_state: RewriteStateContext{rewriteState=REWRITTEN, batchId=11782}]
               +--LogicalFilter[369] ( predicates=( not l_orderkey#17 IS NULL) ), states: [rewrite_state: RewriteStateContext{rewriteState=REWRITTEN, batchId=11782}]
                  +--LogicalOlapScan[25] ( qualified=internal.regression_test_nereids_tpch_p0.lineitem, alias=l, indexName=<index_not_selected>, selectedIndexId=1784297227153, preAgg=UNSET, operativeCol=[], virtualColumns=[] ), states: []
PUSH_DOWN_FILTER_THROUGH_PROJECT	LogicalResultSink[30] ( outputExprs=[c_custkey#0, o_orderkey#8, l_linenumber#20, o_orderdate#12] ), states: []
+--LogicalSort[28] ( orderKeys=[o_orderdate#12 asc null first, o_orderkey#8 asc null first, l_linenumber#20 asc null first] ), states: []
   +--LogicalProject[18] ( distinct=false, projects=[c_custkey#0, o_orderkey#8, l_linenumber#20, o_orderdate#12] ), states: []
      +--LogicalJoin[412] ( type=INNER_JOIN, markJoinSlotReference=Optional.empty, hashJoinConjuncts=[], otherJoinConjuncts=[(o_orderkey#8 = l_orderkey#17)], markJoinConjuncts=[] ), states: []
         |--LogicalJoin[455] ( type=INNER_JOIN, markJoinSlotReference=Optional.empty, hashJoinConjuncts=[], otherJoinConjuncts=[(c_custkey#0 = o_custkey#9)], markJoinConjuncts=[] ), states: []
         |  |--LogicalProject[31] ( distinct=false, projects=[C_CUSTKEY#0, C_NAME#1, C_ADDRESS#2, C_NATIONKEY#3, C_PHONE#4, C_ACCTBAL#5, C_MKTSEGMENT#6, C_COMMENT#7] ), states: [rewrite_state: RewriteStateContext{rewriteState=REWRITTEN, batchId=11782}]
         |  |  +--LogicalFilter[537] ( predicates=AND[(c_mktsegment#6 = 'BUILDING'),( not c_mktsegment#6 IS NULL),( not c_custkey#0 IS NULL)] ), states: [rewrite_state: RewriteStateContext{rewriteState=REWRITTEN, batchId=11782}]
         |  |     +--LogicalOlapScan[22] ( qualified=internal.regression_test_nereids_tpch_p0.customer, alias=c, indexName=<index_not_selected>, selectedIndexId=1784297227142, preAgg=UNSET, operativeCol=[], virtualColumns=[] ), states: []
         |  +--**LogicalFilter[454] ( predicates=AND[(o_orderdate#12 < 1995-03-15),( not o_orderdate#12 IS NULL)] ), states: []
         |     +--LogicalProject[44] ( distinct=false, projects=[O_ORDERKEY#8, O_CUSTKEY#9, O_ORDERSTATUS#10, O_TOTALPRICE#11, O_ORDERDATE#12, O_ORDERPRIORITY#13, O_CLERK#14, O_SHIPPRIORITY#15, O_COMMENT#16] ), states: [rewrite_state: RewriteStateContext{rewriteState=REWRITTEN, batchId=11782}]
         |        +--LogicalFilter[328] ( predicates=AND[( not o_orderkey#8 IS NULL),( not o_custkey#9 IS NULL)] ), states: [rewrite_state: RewriteStateContext{rewriteState=REWRITTEN, batchId=11782}]
         |           +--LogicalOlapScan[23] ( qualified=internal.regression_test_nereids_tpch_p0.orders, alias=o, indexName=<index_not_selected>, selectedIndexId=1784297227176, preAgg=UNSET, operativeCol=[], virtualColumns=[] ), states: []
         +--LogicalFilter[411] ( predicates=AND[(l_shipdate#27 > 1995-03-15),( not l_shipdate#27 IS NULL)] ), states: []
            +--LogicalProject[57] ( distinct=false, projects=[L_ORDERKEY#17, L_PARTKEY#18, L_SUPPKEY#19, L_LINENUMBER#20, L_QUANTITY#21, L_EXTENDEDPRICE#22, L_DISCOUNT#23, L_TAX#24, L_RETURNFLAG#25, L_LINESTATUS#26, L_SHIPDATE#27, L_COMMITDATE#28, L_RECEIPTDATE#29, L_SHIPINSTRUCT#30, L_SHIPMODE#31, L_COMMENT#32] ), states: [rewrite_state: RewriteStateContext{rewriteState=REWRITTEN, batchId=11782}]
               +--LogicalFilter[369] ( predicates=( not l_orderkey#17 IS NULL) ), states: [rewrite_state: RewriteStateContext{rewriteState=REWRITTEN, batchId=11782}]
                  +--LogicalOlapScan[25] ( qualified=internal.regression_test_nereids_tpch_p0.lineitem, alias=l, indexName=<index_not_selected>, selectedIndexId=1784297227153, preAgg=UNSET, operativeCol=[], virtualColumns=[] ), states: []	LogicalResultSink[30] ( outputExprs=[c_custkey#0, o_orderkey#8, l_linenumber#20, o_orderdate#12] ), states: []
+--LogicalSort[28] ( orderKeys=[o_orderdate#12 asc null first, o_orderkey#8 asc null first, l_linenumber#20 asc null first] ), states: []
   +--LogicalProject[18] ( distinct=false, projects=[c_custkey#0, o_orderkey#8, l_linenumber#20, o_orderdate#12] ), states: []
      +--LogicalJoin[412] ( type=INNER_JOIN, markJoinSlotReference=Optional.empty, hashJoinConjuncts=[], otherJoinConjuncts=[(o_orderkey#8 = l_orderkey#17)], markJoinConjuncts=[] ), states: []
         |--LogicalJoin[455] ( type=INNER_JOIN, markJoinSlotReference=Optional.empty, hashJoinConjuncts=[], otherJoinConjuncts=[(c_custkey#0 = o_custkey#9)], markJoinConjuncts=[] ), states: []
         |  |--LogicalProject[31] ( distinct=false, projects=[C_CUSTKEY#0, C_NAME#1, C_ADDRESS#2, C_NATIONKEY#3, C_PHONE#4, C_ACCTBAL#5, C_MKTSEGMENT#6, C_COMMENT#7] ), states: [rewrite_state: RewriteStateContext{rewriteState=REWRITTEN, batchId=11782}]
         |  |  +--LogicalFilter[537] ( predicates=AND[(c_mktsegment#6 = 'BUILDING'),( not c_mktsegment#6 IS NULL),( not c_custkey#0 IS NULL)] ), states: [rewrite_state: RewriteStateContext{rewriteState=REWRITTEN, batchId=11782}]
         |  |     +--LogicalOlapScan[22] ( qualified=internal.regression_test_nereids_tpch_p0.customer, alias=c, indexName=<index_not_selected>, selectedIndexId=1784297227142, preAgg=UNSET, operativeCol=[], virtualColumns=[] ), states: []
         |  +--**LogicalProject[44] ( distinct=false, projects=[O_ORDERKEY#8, O_CUSTKEY#9, O_ORDERSTATUS#10, O_TOTALPRICE#11, O_ORDERDATE#12, O_ORDERPRIORITY#13, O_CLERK#14, O_SHIPPRIORITY#15, O_COMMENT#16] ), states: []
         |     +--LogicalFilter[578] ( predicates=AND[(o_orderdate#12 < 1995-03-15),( not o_orderdate#12 IS NULL)] ), states: []
         |        +--LogicalFilter[328] ( predicates=AND[( not o_orderkey#8 IS NULL),( not o_custkey#9 IS NULL)] ), states: [rewrite_state: RewriteStateContext{rewriteState=REWRITTEN, batchId=11782}]
         |           +--LogicalOlapScan[23] ( qualified=internal.regression_test_nereids_tpch_p0.orders, alias=o, indexName=<index_not_selected>, selectedIndexId=1784297227176, preAgg=UNSET, operativeCol=[], virtualColumns=[] ), states: []
         +--LogicalFilter[411] ( predicates=AND[(l_shipdate#27 > 1995-03-15),( not l_shipdate#27 IS NULL)] ), states: []
            +--LogicalProject[57] ( distinct=false, projects=[L_ORDERKEY#17, L_PARTKEY#18, L_SUPPKEY#19, L_LINENUMBER#20, L_QUANTITY#21, L_EXTENDEDPRICE#22, L_DISCOUNT#23, L_TAX#24, L_RETURNFLAG#25, L_LINESTATUS#26, L_SHIPDATE#27, L_COMMITDATE#28, L_RECEIPTDATE#29, L_SHIPINSTRUCT#30, L_SHIPMODE#31, L_COMMENT#32] ), states: [rewrite_state: RewriteStateContext{rewriteState=REWRITTEN, batchId=11782}]
               +--LogicalFilter[369] ( predicates=( not l_orderkey#17 IS NULL) ), states: [rewrite_state: RewriteStateContext{rewriteState=REWRITTEN, batchId=11782}]
                  +--LogicalOlapScan[25] ( qualified=internal.regression_test_nereids_tpch_p0.lineitem, alias=l, indexName=<index_not_selected>, selectedIndexId=1784297227153, preAgg=UNSET, operativeCol=[], virtualColumns=[] ), states: []
MERGE_FILTERS	LogicalResultSink[30] ( outputExprs=[c_custkey#0, o_orderkey#8, l_linenumber#20, o_orderdate#12] ), states: []
+--LogicalSort[28] ( orderKeys=[o_orderdate#12 asc null first, o_orderkey#8 asc null first, l_linenumber#20 asc null first] ), states: []
   +--LogicalProject[18] ( distinct=false, projects=[c_custkey#0, o_orderkey#8, l_linenumber#20, o_orderdate#12] ), states: []
      +--LogicalJoin[412] ( type=INNER_JOIN, markJoinSlotReference=Optional.empty, hashJoinConjuncts=[], otherJoinConjuncts=[(o_orderkey#8 = l_orderkey#17)], markJoinConjuncts=[] ), states: []
         |--LogicalJoin[455] ( type=INNER_JOIN, markJoinSlotReference=Optional.empty, hashJoinConjuncts=[], otherJoinConjuncts=[(c_custkey#0 = o_custkey#9)], markJoinConjuncts=[] ), states: []
         |  |--LogicalProject[31] ( distinct=false, projects=[C_CUSTKEY#0, C_NAME#1, C_ADDRESS#2, C_NATIONKEY#3, C_PHONE#4, C_ACCTBAL#5, C_MKTSEGMENT#6, C_COMMENT#7] ), states: [rewrite_state: RewriteStateContext{rewriteState=REWRITTEN, batchId=11782}]
         |  |  +--LogicalFilter[537] ( predicates=AND[(c_mktsegment#6 = 'BUILDING'),( not c_mktsegment#6 IS NULL),( not c_custkey#0 IS NULL)] ), states: [rewrite_state: RewriteStateContext{rewriteState=REWRITTEN, batchId=11782}]
         |  |     +--LogicalOlapScan[22] ( qualified=internal.regression_test_nereids_tpch_p0.customer, alias=c, indexName=<index_not_selected>, selectedIndexId=1784297227142, preAgg=UNSET, operativeCol=[], virtualColumns=[] ), states: []
         |  +--LogicalProject[44] ( distinct=false, projects=[O_ORDERKEY#8, O_CUSTKEY#9, O_ORDERSTATUS#10, O_TOTALPRICE#11, O_ORDERDATE#12, O_ORDERPRIORITY#13, O_CLERK#14, O_SHIPPRIORITY#15, O_COMMENT#16] ), states: []
         |     +--**LogicalFilter[578] ( predicates=AND[(o_orderdate#12 < 1995-03-15),( not o_orderdate#12 IS NULL)] ), states: []
         |        +--LogicalFilter[328] ( predicates=AND[( not o_orderkey#8 IS NULL),( not o_custkey#9 IS NULL)] ), states: [rewrite_state: RewriteStateContext{rewriteState=REWRITTEN, batchId=11782}]
         |           +--LogicalOlapScan[23] ( qualified=internal.regression_test_nereids_tpch_p0.orders, alias=o, indexName=<index_not_selected>, selectedIndexId=1784297227176, preAgg=UNSET, operativeCol=[], virtualColumns=[] ), states: []
         +--LogicalFilter[411] ( predicates=AND[(l_shipdate#27 > 1995-03-15),( not l_shipdate#27 IS NULL)] ), states: []
            +--LogicalProject[57] ( distinct=false, projects=[L_ORDERKEY#17, L_PARTKEY#18, L_SUPPKEY#19, L_LINENUMBER#20, L_QUANTITY#21, L_EXTENDEDPRICE#22, L_DISCOUNT#23, L_TAX#24, L_RETURNFLAG#25, L_LINESTATUS#26, L_SHIPDATE#27, L_COMMITDATE#28, L_RECEIPTDATE#29, L_SHIPINSTRUCT#30, L_SHIPMODE#31, L_COMMENT#32] ), states: [rewrite_state: RewriteStateContext{rewriteState=REWRITTEN, batchId=11782}]
               +--LogicalFilter[369] ( predicates=( not l_orderkey#17 IS NULL) ), states: [rewrite_state: RewriteStateContext{rewriteState=REWRITTEN, batchId=11782}]
                  +--LogicalOlapScan[25] ( qualified=internal.regression_test_nereids_tpch_p0.lineitem, alias=l, indexName=<index_not_selected>, selectedIndexId=1784297227153, preAgg=UNSET, operativeCol=[], virtualColumns=[] ), states: []	LogicalResultSink[30] ( outputExprs=[c_custkey#0, o_orderkey#8, l_linenumber#20, o_orderdate#12] ), states: []
+--LogicalSort[28] ( orderKeys=[o_orderdate#12 asc null first, o_orderkey#8 asc null first, l_linenumber#20 asc null first] ), states: []
   +--LogicalProject[18] ( distinct=false, projects=[c_custkey#0, o_orderkey#8, l_linenumber#20, o_orderdate#12] ), states: []
      +--LogicalJoin[412] ( type=INNER_JOIN, markJoinSlotReference=Optional.empty, hashJoinConjuncts=[], otherJoinConjuncts=[(o_orderkey#8 = l_orderkey#17)], markJoinConjuncts=[] ), states: []
         |--LogicalJoin[455] ( type=INNER_JOIN, markJoinSlotReference=Optional.empty, hashJoinConjuncts=[], otherJoinConjuncts=[(c_custkey#0 = o_custkey#9)], markJoinConjuncts=[] ), states: []
         |  |--LogicalProject[31] ( distinct=false, projects=[C_CUSTKEY#0, C_NAME#1, C_ADDRESS#2, C_NATIONKEY#3, C_PHONE#4, C_ACCTBAL#5, C_MKTSEGMENT#6, C_COMMENT#7] ), states: [rewrite_state: RewriteStateContext{rewriteState=REWRITTEN, batchId=11782}]
         |  |  +--LogicalFilter[537] ( predicates=AND[(c_mktsegment#6 = 'BUILDING'),( not c_mktsegment#6 IS NULL),( not c_custkey#0 IS NULL)] ), states: [rewrite_state: RewriteStateContext{rewriteState=REWRITTEN, batchId=11782}]
         |  |     +--LogicalOlapScan[22] ( qualified=internal.regression_test_nereids_tpch_p0.customer, alias=c, indexName=<index_not_selected>, selectedIndexId=1784297227142, preAgg=UNSET, operativeCol=[], virtualColumns=[] ), states: []
         |  +--LogicalProject[44] ( distinct=false, projects=[O_ORDERKEY#8, O_CUSTKEY#9, O_ORDERSTATUS#10, O_TOTALPRICE#11, O_ORDERDATE#12, O_ORDERPRIORITY#13, O_CLERK#14, O_SHIPPRIORITY#15, O_COMMENT#16] ), states: []
         |     +--**LogicalFilter[619] ( predicates=AND[(o_orderdate#12 < 1995-03-15),( not o_orderdate#12 IS NULL),( not o_orderkey#8 IS NULL),( not o_custkey#9 IS NULL)] ), states: []
         |        +--LogicalOlapScan[23] ( qualified=internal.regression_test_nereids_tpch_p0.orders, alias=o, indexName=<index_not_selected>, selectedIndexId=1784297227176, preAgg=UNSET, operativeCol=[], virtualColumns=[] ), states: []
         +--LogicalFilter[411] ( predicates=AND[(l_shipdate#27 > 1995-03-15),( not l_shipdate#27 IS NULL)] ), states: []
            +--LogicalProject[57] ( distinct=false, projects=[L_ORDERKEY#17, L_PARTKEY#18, L_SUPPKEY#19, L_LINENUMBER#20, L_QUANTITY#21, L_EXTENDEDPRICE#22, L_DISCOUNT#23, L_TAX#24, L_RETURNFLAG#25, L_LINESTATUS#26, L_SHIPDATE#27, L_COMMITDATE#28, L_RECEIPTDATE#29, L_SHIPINSTRUCT#30, L_SHIPMODE#31, L_COMMENT#32] ), states: [rewrite_state: RewriteStateContext{rewriteState=REWRITTEN, batchId=11782}]
               +--LogicalFilter[369] ( predicates=( not l_orderkey#17 IS NULL) ), states: [rewrite_state: RewriteStateContext{rewriteState=REWRITTEN, batchId=11782}]
                  +--LogicalOlapScan[25] ( qualified=internal.regression_test_nereids_tpch_p0.lineitem, alias=l, indexName=<index_not_selected>, selectedIndexId=1784297227153, preAgg=UNSET, operativeCol=[], virtualColumns=[] ), states: []
PUSH_DOWN_FILTER_THROUGH_PROJECT	LogicalResultSink[30] ( outputExprs=[c_custkey#0, o_orderkey#8, l_linenumber#20, o_orderdate#12] ), states: []
+--LogicalSort[28] ( orderKeys=[o_orderdate#12 asc null first, o_orderkey#8 asc null first, l_linenumber#20 asc null first] ), states: []
   +--LogicalProject[18] ( distinct=false, projects=[c_custkey#0, o_orderkey#8, l_linenumber#20, o_orderdate#12] ), states: []
      +--LogicalJoin[412] ( type=INNER_JOIN, markJoinSlotReference=Optional.empty, hashJoinConjuncts=[], otherJoinConjuncts=[(o_orderkey#8 = l_orderkey#17)], markJoinConjuncts=[] ), states: []
         |--LogicalJoin[455] ( type=INNER_JOIN, markJoinSlotReference=Optional.empty, hashJoinConjuncts=[], otherJoinConjuncts=[(c_custkey#0 = o_custkey#9)], markJoinConjuncts=[] ), states: [rewrite_state: RewriteStateContext{rewriteState=REWRITTEN, batchId=11782}]
         |  |--LogicalProject[31] ( distinct=false, projects=[C_CUSTKEY#0, C_NAME#1, C_ADDRESS#2, C_NATIONKEY#3, C_PHONE#4, C_ACCTBAL#5, C_MKTSEGMENT#6, C_COMMENT#7] ), states: [rewrite_state: RewriteStateContext{rewriteState=REWRITTEN, batchId=11782}]
         |  |  +--LogicalFilter[537] ( predicates=AND[(c_mktsegment#6 = 'BUILDING'),( not c_mktsegment#6 IS NULL),( not c_custkey#0 IS NULL)] ), states: [rewrite_state: RewriteStateContext{rewriteState=REWRITTEN, batchId=11782}]
         |  |     +--LogicalOlapScan[22] ( qualified=internal.regression_test_nereids_tpch_p0.customer, alias=c, indexName=<index_not_selected>, selectedIndexId=1784297227142, preAgg=UNSET, operativeCol=[], virtualColumns=[] ), states: []
         |  +--LogicalProject[44] ( distinct=false, projects=[O_ORDERKEY#8, O_CUSTKEY#9, O_ORDERSTATUS#10, O_TOTALPRICE#11, O_ORDERDATE#12, O_ORDERPRIORITY#13, O_CLERK#14, O_SHIPPRIORITY#15, O_COMMENT#16] ), states: [rewrite_state: RewriteStateContext{rewriteState=REWRITTEN, batchId=11782}]
         |     +--LogicalFilter[619] ( predicates=AND[(o_orderdate#12 < 1995-03-15),( not o_orderdate#12 IS NULL),( not o_orderkey#8 IS NULL),( not o_custkey#9 IS NULL)] ), states: [rewrite_state: RewriteStateContext{rewriteState=REWRITTEN, batchId=11782}]
         |        +--LogicalOlapScan[23] ( qualified=internal.regression_test_nereids_tpch_p0.orders, alias=o, indexName=<index_not_selected>, selectedIndexId=1784297227176, preAgg=UNSET, operativeCol=[], virtualColumns=[] ), states: []
         +--**LogicalFilter[411] ( predicates=AND[(l_shipdate#27 > 1995-03-15),( not l_shipdate#27 IS NULL)] ), states: []
            +--LogicalProject[57] ( distinct=false, projects=[L_ORDERKEY#17, L_PARTKEY#18, L_SUPPKEY#19, L_LINENUMBER#20, L_QUANTITY#21, L_EXTENDEDPRICE#22, L_DISCOUNT#23, L_TAX#24, L_RETURNFLAG#25, L_LINESTATUS#26, L_SHIPDATE#27, L_COMMITDATE#28, L_RECEIPTDATE#29, L_SHIPINSTRUCT#30, L_SHIPMODE#31, L_COMMENT#32] ), states: [rewrite_state: RewriteStateContext{rewriteState=REWRITTEN, batchId=11782}]
               +--LogicalFilter[369] ( predicates=( not l_orderkey#17 IS NULL) ), states: [rewrite_state: RewriteStateContext{rewriteState=REWRITTEN, batchId=11782}]
                  +--LogicalOlapScan[25] ( qualified=internal.regression_test_nereids_tpch_p0.lineitem, alias=l, indexName=<index_not_selected>, selectedIndexId=1784297227153, preAgg=UNSET, operativeCol=[], virtualColumns=[] ), states: []	LogicalResultSink[30] ( outputExprs=[c_custkey#0, o_orderkey#8, l_linenumber#20, o_orderdate#12] ), states: []
+--LogicalSort[28] ( orderKeys=[o_orderdate#12 asc null first, o_orderkey#8 asc null first, l_linenumber#20 asc null first] ), states: []
   +--LogicalProject[18] ( distinct=false, projects=[c_custkey#0, o_orderkey#8, l_linenumber#20, o_orderdate#12] ), states: []
      +--LogicalJoin[412] ( type=INNER_JOIN, markJoinSlotReference=Optional.empty, hashJoinConjuncts=[], otherJoinConjuncts=[(o_orderkey#8 = l_orderkey#17)], markJoinConjuncts=[] ), states: []
         |--LogicalJoin[455] ( type=INNER_JOIN, markJoinSlotReference=Optional.empty, hashJoinConjuncts=[], otherJoinConjuncts=[(c_custkey#0 = o_custkey#9)], markJoinConjuncts=[] ), states: [rewrite_state: RewriteStateContext{rewriteState=REWRITTEN, batchId=11782}]
         |  |--LogicalProject[31] ( distinct=false, projects=[C_CUSTKEY#0, C_NAME#1, C_ADDRESS#2, C_NATIONKEY#3, C_PHONE#4, C_ACCTBAL#5, C_MKTSEGMENT#6, C_COMMENT#7] ), states: [rewrite_state: RewriteStateContext{rewriteState=REWRITTEN, batchId=11782}]
         |  |  +--LogicalFilter[537] ( predicates=AND[(c_mktsegment#6 = 'BUILDING'),( not c_mktsegment#6 IS NULL),( not c_custkey#0 IS NULL)] ), states: [rewrite_state: RewriteStateContext{rewriteState=REWRITTEN, batchId=11782}]
         |  |     +--LogicalOlapScan[22] ( qualified=internal.regression_test_nereids_tpch_p0.customer, alias=c, indexName=<index_not_selected>, selectedIndexId=1784297227142, preAgg=UNSET, operativeCol=[], virtualColumns=[] ), states: []
         |  +--LogicalProject[44] ( distinct=false, projects=[O_ORDERKEY#8, O_CUSTKEY#9, O_ORDERSTATUS#10, O_TOTALPRICE#11, O_ORDERDATE#12, O_ORDERPRIORITY#13, O_CLERK#14, O_SHIPPRIORITY#15, O_COMMENT#16] ), states: [rewrite_state: RewriteStateContext{rewriteState=REWRITTEN, batchId=11782}]
         |     +--LogicalFilter[619] ( predicates=AND[(o_orderdate#12 < 1995-03-15),( not o_orderdate#12 IS NULL),( not o_orderkey#8 IS NULL),( not o_custkey#9 IS NULL)] ), states: [rewrite_state: RewriteStateContext{rewriteState=REWRITTEN, batchId=11782}]
         |        +--LogicalOlapScan[23] ( qualified=internal.regression_test_nereids_tpch_p0.orders, alias=o, indexName=<index_not_selected>, selectedIndexId=1784297227176, preAgg=UNSET, operativeCol=[], virtualColumns=[] ), states: []
         +--**LogicalProject[57] ( distinct=false, projects=[L_ORDERKEY#17, L_PARTKEY#18, L_SUPPKEY#19, L_LINENUMBER#20, L_QUANTITY#21, L_EXTENDEDPRICE#22, L_DISCOUNT#23, L_TAX#24, L_RETURNFLAG#25, L_LINESTATUS#26, L_SHIPDATE#27, L_COMMITDATE#28, L_RECEIPTDATE#29, L_SHIPINSTRUCT#30, L_SHIPMODE#31, L_COMMENT#32] ), states: []
            +--LogicalFilter[660] ( predicates=AND[(l_shipdate#27 > 1995-03-15),( not l_shipdate#27 IS NULL)] ), states: []
               +--LogicalFilter[369] ( predicates=( not l_orderkey#17 IS NULL) ), states: [rewrite_state: RewriteStateContext{rewriteState=REWRITTEN, batchId=11782}]
                  +--LogicalOlapScan[25] ( qualified=internal.regression_test_nereids_tpch_p0.lineitem, alias=l, indexName=<index_not_selected>, selectedIndexId=1784297227153, preAgg=UNSET, operativeCol=[], virtualColumns=[] ), states: []
MERGE_FILTERS	LogicalResultSink[30] ( outputExprs=[c_custkey#0, o_orderkey#8, l_linenumber#20, o_orderdate#12] ), states: []
+--LogicalSort[28] ( orderKeys=[o_orderdate#12 asc null first, o_orderkey#8 asc null first, l_linenumber#20 asc null first] ), states: []
   +--LogicalProject[18] ( distinct=false, projects=[c_custkey#0, o_orderkey#8, l_linenumber#20, o_orderdate#12] ), states: []
      +--LogicalJoin[412] ( type=INNER_JOIN, markJoinSlotReference=Optional.empty, hashJoinConjuncts=[], otherJoinConjuncts=[(o_orderkey#8 = l_orderkey#17)], markJoinConjuncts=[] ), states: []
         |--LogicalJoin[455] ( type=INNER_JOIN, markJoinSlotReference=Optional.empty, hashJoinConjuncts=[], otherJoinConjuncts=[(c_custkey#0 = o_custkey#9)], markJoinConjuncts=[] ), states: [rewrite_state: RewriteStateContext{rewriteState=REWRITTEN, batchId=11782}]
         |  |--LogicalProject[31] ( distinct=false, projects=[C_CUSTKEY#0, C_NAME#1, C_ADDRESS#2, C_NATIONKEY#3, C_PHONE#4, C_ACCTBAL#5, C_MKTSEGMENT#6, C_COMMENT#7] ), states: [rewrite_state: RewriteStateContext{rewriteState=REWRITTEN, batchId=11782}]
         |  |  +--LogicalFilter[537] ( predicates=AND[(c_mktsegment#6 = 'BUILDING'),( not c_mktsegment#6 IS NULL),( not c_custkey#0 IS NULL)] ), states: [rewrite_state: RewriteStateContext{rewriteState=REWRITTEN, batchId=11782}]
         |  |     +--LogicalOlapScan[22] ( qualified=internal.regression_test_nereids_tpch_p0.customer, alias=c, indexName=<index_not_selected>, selectedIndexId=1784297227142, preAgg=UNSET, operativeCol=[], virtualColumns=[] ), states: []
         |  +--LogicalProject[44] ( distinct=false, projects=[O_ORDERKEY#8, O_CUSTKEY#9, O_ORDERSTATUS#10, O_TOTALPRICE#11, O_ORDERDATE#12, O_ORDERPRIORITY#13, O_CLERK#14, O_SHIPPRIORITY#15, O_COMMENT#16] ), states: [rewrite_state: RewriteStateContext{rewriteState=REWRITTEN, batchId=11782}]
         |     +--LogicalFilter[619] ( predicates=AND[(o_orderdate#12 < 1995-03-15),( not o_orderdate#12 IS NULL),( not o_orderkey#8 IS NULL),( not o_custkey#9 IS NULL)] ), states: [rewrite_state: RewriteStateContext{rewriteState=REWRITTEN, batchId=11782}]
         |        +--LogicalOlapScan[23] ( qualified=internal.regression_test_nereids_tpch_p0.orders, alias=o, indexName=<index_not_selected>, selectedIndexId=1784297227176, preAgg=UNSET, operativeCol=[], virtualColumns=[] ), states: []
         +--LogicalProject[57] ( distinct=false, projects=[L_ORDERKEY#17, L_PARTKEY#18, L_SUPPKEY#19, L_LINENUMBER#20, L_QUANTITY#21, L_EXTENDEDPRICE#22, L_DISCOUNT#23, L_TAX#24, L_RETURNFLAG#25, L_LINESTATUS#26, L_SHIPDATE#27, L_COMMITDATE#28, L_RECEIPTDATE#29, L_SHIPINSTRUCT#30, L_SHIPMODE#31, L_COMMENT#32] ), states: []
            +--**LogicalFilter[660] ( predicates=AND[(l_shipdate#27 > 1995-03-15),( not l_shipdate#27 IS NULL)] ), states: []
               +--LogicalFilter[369] ( predicates=( not l_orderkey#17 IS NULL) ), states: [rewrite_state: RewriteStateContext{rewriteState=REWRITTEN, batchId=11782}]
                  +--LogicalOlapScan[25] ( qualified=internal.regression_test_nereids_tpch_p0.lineitem, alias=l, indexName=<index_not_selected>, selectedIndexId=1784297227153, preAgg=UNSET, operativeCol=[], virtualColumns=[] ), states: []	LogicalResultSink[30] ( outputExprs=[c_custkey#0, o_orderkey#8, l_linenumber#20, o_orderdate#12] ), states: []
+--LogicalSort[28] ( orderKeys=[o_orderdate#12 asc null first, o_orderkey#8 asc null first, l_linenumber#20 asc null first] ), states: []
   +--LogicalProject[18] ( distinct=false, projects=[c_custkey#0, o_orderkey#8, l_linenumber#20, o_orderdate#12] ), states: []
      +--LogicalJoin[412] ( type=INNER_JOIN, markJoinSlotReference=Optional.empty, hashJoinConjuncts=[], otherJoinConjuncts=[(o_orderkey#8 = l_orderkey#17)], markJoinConjuncts=[] ), states: []
         |--LogicalJoin[455] ( type=INNER_JOIN, markJoinSlotReference=Optional.empty, hashJoinConjuncts=[], otherJoinConjuncts=[(c_custkey#0 = o_custkey#9)], markJoinConjuncts=[] ), states: [rewrite_state: RewriteStateContext{rewriteState=REWRITTEN, batchId=11782}]
         |  |--LogicalProject[31] ( distinct=false, projects=[C_CUSTKEY#0, C_NAME#1, C_ADDRESS#2, C_NATIONKEY#3, C_PHONE#4, C_ACCTBAL#5, C_MKTSEGMENT#6, C_COMMENT#7] ), states: [rewrite_state: RewriteStateContext{rewriteState=REWRITTEN, batchId=11782}]
         |  |  +--LogicalFilter[537] ( predicates=AND[(c_mktsegment#6 = 'BUILDING'),( not c_mktsegment#6 IS NULL),( not c_custkey#0 IS NULL)] ), states: [rewrite_state: RewriteStateContext{rewriteState=REWRITTEN, batchId=11782}]
         |  |     +--LogicalOlapScan[22] ( qualified=internal.regression_test_nereids_tpch_p0.customer, alias=c, indexName=<index_not_selected>, selectedIndexId=1784297227142, preAgg=UNSET, operativeCol=[], virtualColumns=[] ), states: []
         |  +--LogicalProject[44] ( distinct=false, projects=[O_ORDERKEY#8, O_CUSTKEY#9, O_ORDERSTATUS#10, O_TOTALPRICE#11, O_ORDERDATE#12, O_ORDERPRIORITY#13, O_CLERK#14, O_SHIPPRIORITY#15, O_COMMENT#16] ), states: [rewrite_state: RewriteStateContext{rewriteState=REWRITTEN, batchId=11782}]
         |     +--LogicalFilter[619] ( predicates=AND[(o_orderdate#12 < 1995-03-15),( not o_orderdate#12 IS NULL),( not o_orderkey#8 IS NULL),( not o_custkey#9 IS NULL)] ), states: [rewrite_state: RewriteStateContext{rewriteState=REWRITTEN, batchId=11782}]
         |        +--LogicalOlapScan[23] ( qualified=internal.regression_test_nereids_tpch_p0.orders, alias=o, indexName=<index_not_selected>, selectedIndexId=1784297227176, preAgg=UNSET, operativeCol=[], virtualColumns=[] ), states: []
         +--LogicalProject[57] ( distinct=false, projects=[L_ORDERKEY#17, L_PARTKEY#18, L_SUPPKEY#19, L_LINENUMBER#20, L_QUANTITY#21, L_EXTENDEDPRICE#22, L_DISCOUNT#23, L_TAX#24, L_RETURNFLAG#25, L_LINESTATUS#26, L_SHIPDATE#27, L_COMMITDATE#28, L_RECEIPTDATE#29, L_SHIPINSTRUCT#30, L_SHIPMODE#31, L_COMMENT#32] ), states: []
            +--**LogicalFilter[701] ( predicates=AND[(l_shipdate#27 > 1995-03-15),( not l_shipdate#27 IS NULL),( not l_orderkey#17 IS NULL)] ), states: []
               +--LogicalOlapScan[25] ( qualified=internal.regression_test_nereids_tpch_p0.lineitem, alias=l, indexName=<index_not_selected>, selectedIndexId=1784297227153, preAgg=UNSET, operativeCol=[], virtualColumns=[] ), states: []
FIND_HASH_CONDITION_FOR_JOIN	LogicalResultSink[30] ( outputExprs=[c_custkey#0, o_orderkey#8, l_linenumber#20, o_orderdate#12] ), states: [rewrite_state: RewriteStateContext{rewriteState=REWRITTEN, batchId=11782}]
+--LogicalSort[28] ( orderKeys=[o_orderdate#12 asc null first, o_orderkey#8 asc null first, l_linenumber#20 asc null first] ), states: [rewrite_state: RewriteStateContext{rewriteState=REWRITTEN, batchId=11782}]
   +--LogicalProject[18] ( distinct=false, projects=[c_custkey#0, o_orderkey#8, l_linenumber#20, o_orderdate#12] ), states: [rewrite_state: RewriteStateContext{rewriteState=REWRITTEN, batchId=11782}]
      +--**LogicalJoin[412] ( type=INNER_JOIN, markJoinSlotReference=Optional.empty, hashJoinConjuncts=[], otherJoinConjuncts=[(o_orderkey#8 = l_orderkey#17)], markJoinConjuncts=[] ), states: [rewrite_state: RewriteStateContext{rewriteState=REWRITTEN, batchId=11782}]
         |--LogicalJoin[455] ( type=INNER_JOIN, markJoinSlotReference=Optional.empty, hashJoinConjuncts=[], otherJoinConjuncts=[(c_custkey#0 = o_custkey#9)], markJoinConjuncts=[] ), states: [rewrite_state: RewriteStateContext{rewriteState=REWRITTEN, batchId=11782}]
         |  |--LogicalProject[31] ( distinct=false, projects=[C_CUSTKEY#0, C_NAME#1, C_ADDRESS#2, C_NATIONKEY#3, C_PHONE#4, C_ACCTBAL#5, C_MKTSEGMENT#6, C_COMMENT#7] ), states: [rewrite_state: RewriteStateContext{rewriteState=REWRITTEN, batchId=11782}]
         |  |  +--LogicalFilter[537] ( predicates=AND[(c_mktsegment#6 = 'BUILDING'),( not c_mktsegment#6 IS NULL),( not c_custkey#0 IS NULL)] ), states: [rewrite_state: RewriteStateContext{rewriteState=REWRITTEN, batchId=11782}]
         |  |     +--LogicalOlapScan[22] ( qualified=internal.regression_test_nereids_tpch_p0.customer, alias=c, indexName=<index_not_selected>, selectedIndexId=1784297227142, preAgg=UNSET, operativeCol=[], virtualColumns=[] ), states: []
         |  +--LogicalProject[44] ( distinct=false, projects=[O_ORDERKEY#8, O_CUSTKEY#9, O_ORDERSTATUS#10, O_TOTALPRICE#11, O_ORDERDATE#12, O_ORDERPRIORITY#13, O_CLERK#14, O_SHIPPRIORITY#15, O_COMMENT#16] ), states: [rewrite_state: RewriteStateContext{rewriteState=REWRITTEN, batchId=11782}]
         |     +--LogicalFilter[619] ( predicates=AND[(o_orderdate#12 < 1995-03-15),( not o_orderdate#12 IS NULL),( not o_orderkey#8 IS NULL),( not o_custkey#9 IS NULL)] ), states: [rewrite_state: RewriteStateContext{rewriteState=REWRITTEN, batchId=11782}]
         |        +--LogicalOlapScan[23] ( qualified=internal.regression_test_nereids_tpch_p0.orders, alias=o, indexName=<index_not_selected>, selectedIndexId=1784297227176, preAgg=UNSET, operativeCol=[], virtualColumns=[] ), states: []
         +--LogicalProject[57] ( distinct=false, projects=[L_ORDERKEY#17, L_PARTKEY#18, L_SUPPKEY#19, L_LINENUMBER#20, L_QUANTITY#21, L_EXTENDEDPRICE#22, L_DISCOUNT#23, L_TAX#24, L_RETURNFLAG#25, L_LINESTATUS#26, L_SHIPDATE#27, L_COMMITDATE#28, L_RECEIPTDATE#29, L_SHIPINSTRUCT#30, L_SHIPMODE#31, L_COMMENT#32] ), states: [rewrite_state: RewriteStateContext{rewriteState=REWRITTEN, batchId=11782}]
            +--LogicalFilter[701] ( predicates=AND[(l_shipdate#27 > 1995-03-15),( not l_shipdate#27 IS NULL),( not l_orderkey#17 IS NULL)] ), states: [rewrite_state: RewriteStateContext{rewriteState=REWRITTEN, batchId=11782}]
               +--LogicalOlapScan[25] ( qualified=internal.regression_test_nereids_tpch_p0.lineitem, alias=l, indexName=<index_not_selected>, selectedIndexId=1784297227153, preAgg=UNSET, operativeCol=[], virtualColumns=[] ), states: []	LogicalResultSink[30] ( outputExprs=[c_custkey#0, o_orderkey#8, l_linenumber#20, o_orderdate#12] ), states: []
+--LogicalSort[28] ( orderKeys=[o_orderdate#12 asc null first, o_orderkey#8 asc null first, l_linenumber#20 asc null first] ), states: []
   +--LogicalProject[18] ( distinct=false, projects=[c_custkey#0, o_orderkey#8, l_linenumber#20, o_orderdate#12] ), states: []
      +--**LogicalJoin[742] ( type=INNER_JOIN, markJoinSlotReference=Optional.empty, hashJoinConjuncts=[(o_orderkey#8 = l_orderkey#17)], otherJoinConjuncts=[], markJoinConjuncts=[] ), states: []
         |--LogicalJoin[455] ( type=INNER_JOIN, markJoinSlotReference=Optional.empty, hashJoinConjuncts=[], otherJoinConjuncts=[(c_custkey#0 = o_custkey#9)], markJoinConjuncts=[] ), states: [rewrite_state: RewriteStateContext{rewriteState=REWRITTEN, batchId=11782}]
         |  |--LogicalProject[31] ( distinct=false, projects=[C_CUSTKEY#0, C_NAME#1, C_ADDRESS#2, C_NATIONKEY#3, C_PHONE#4, C_ACCTBAL#5, C_MKTSEGMENT#6, C_COMMENT#7] ), states: [rewrite_state: RewriteStateContext{rewriteState=REWRITTEN, batchId=11782}]
         |  |  +--LogicalFilter[537] ( predicates=AND[(c_mktsegment#6 = 'BUILDING'),( not c_mktsegment#6 IS NULL),( not c_custkey#0 IS NULL)] ), states: [rewrite_state: RewriteStateContext{rewriteState=REWRITTEN, batchId=11782}]
         |  |     +--LogicalOlapScan[22] ( qualified=internal.regression_test_nereids_tpch_p0.customer, alias=c, indexName=<index_not_selected>, selectedIndexId=1784297227142, preAgg=UNSET, operativeCol=[], virtualColumns=[] ), states: []
         |  +--LogicalProject[44] ( distinct=false, projects=[O_ORDERKEY#8, O_CUSTKEY#9, O_ORDERSTATUS#10, O_TOTALPRICE#11, O_ORDERDATE#12, O_ORDERPRIORITY#13, O_CLERK#14, O_SHIPPRIORITY#15, O_COMMENT#16] ), states: [rewrite_state: RewriteStateContext{rewriteState=REWRITTEN, batchId=11782}]
         |     +--LogicalFilter[619] ( predicates=AND[(o_orderdate#12 < 1995-03-15),( not o_orderdate#12 IS NULL),( not o_orderkey#8 IS NULL),( not o_custkey#9 IS NULL)] ), states: [rewrite_state: RewriteStateContext{rewriteState=REWRITTEN, batchId=11782}]
         |        +--LogicalOlapScan[23] ( qualified=internal.regression_test_nereids_tpch_p0.orders, alias=o, indexName=<index_not_selected>, selectedIndexId=1784297227176, preAgg=UNSET, operativeCol=[], virtualColumns=[] ), states: []
         +--LogicalProject[57] ( distinct=false, projects=[L_ORDERKEY#17, L_PARTKEY#18, L_SUPPKEY#19, L_LINENUMBER#20, L_QUANTITY#21, L_EXTENDEDPRICE#22, L_DISCOUNT#23, L_TAX#24, L_RETURNFLAG#25, L_LINESTATUS#26, L_SHIPDATE#27, L_COMMITDATE#28, L_RECEIPTDATE#29, L_SHIPINSTRUCT#30, L_SHIPMODE#31, L_COMMENT#32] ), states: [rewrite_state: RewriteStateContext{rewriteState=REWRITTEN, batchId=11782}]
            +--LogicalFilter[701] ( predicates=AND[(l_shipdate#27 > 1995-03-15),( not l_shipdate#27 IS NULL),( not l_orderkey#17 IS NULL)] ), states: [rewrite_state: RewriteStateContext{rewriteState=REWRITTEN, batchId=11782}]
               +--LogicalOlapScan[25] ( qualified=internal.regression_test_nereids_tpch_p0.lineitem, alias=l, indexName=<index_not_selected>, selectedIndexId=1784297227153, preAgg=UNSET, operativeCol=[], virtualColumns=[] ), states: []
FIND_HASH_CONDITION_FOR_JOIN	LogicalResultSink[30] ( outputExprs=[c_custkey#0, o_orderkey#8, l_linenumber#20, o_orderdate#12] ), states: []
+--LogicalSort[28] ( orderKeys=[o_orderdate#12 asc null first, o_orderkey#8 asc null first, l_linenumber#20 asc null first] ), states: []
   +--LogicalProject[18] ( distinct=false, projects=[c_custkey#0, o_orderkey#8, l_linenumber#20, o_orderdate#12] ), states: []
      +--LogicalJoin[742] ( type=INNER_JOIN, markJoinSlotReference=Optional.empty, hashJoinConjuncts=[(o_orderkey#8 = l_orderkey#17)], otherJoinConjuncts=[], markJoinConjuncts=[] ), states: []
         |--**LogicalJoin[455] ( type=INNER_JOIN, markJoinSlotReference=Optional.empty, hashJoinConjuncts=[], otherJoinConjuncts=[(c_custkey#0 = o_custkey#9)], markJoinConjuncts=[] ), states: [rewrite_state: RewriteStateContext{rewriteState=REWRITTEN, batchId=11782}]
         |  |--LogicalProject[31] ( distinct=false, projects=[C_CUSTKEY#0, C_NAME#1, C_ADDRESS#2, C_NATIONKEY#3, C_PHONE#4, C_ACCTBAL#5, C_MKTSEGMENT#6, C_COMMENT#7] ), states: [rewrite_state: RewriteStateContext{rewriteState=REWRITTEN, batchId=11782}]
         |  |  +--LogicalFilter[537] ( predicates=AND[(c_mktsegment#6 = 'BUILDING'),( not c_mktsegment#6 IS NULL),( not c_custkey#0 IS NULL)] ), states: [rewrite_state: RewriteStateContext{rewriteState=REWRITTEN, batchId=11782}]
         |  |     +--LogicalOlapScan[22] ( qualified=internal.regression_test_nereids_tpch_p0.customer, alias=c, indexName=<index_not_selected>, selectedIndexId=1784297227142, preAgg=UNSET, operativeCol=[], virtualColumns=[] ), states: []
         |  +--LogicalProject[44] ( distinct=false, projects=[O_ORDERKEY#8, O_CUSTKEY#9, O_ORDERSTATUS#10, O_TOTALPRICE#11, O_ORDERDATE#12, O_ORDERPRIORITY#13, O_CLERK#14, O_SHIPPRIORITY#15, O_COMMENT#16] ), states: [rewrite_state: RewriteStateContext{rewriteState=REWRITTEN, batchId=11782}]
         |     +--LogicalFilter[619] ( predicates=AND[(o_orderdate#12 < 1995-03-15),( not o_orderdate#12 IS NULL),( not o_orderkey#8 IS NULL),( not o_custkey#9 IS NULL)] ), states: [rewrite_state: RewriteStateContext{rewriteState=REWRITTEN, batchId=11782}]
         |        +--LogicalOlapScan[23] ( qualified=internal.regression_test_nereids_tpch_p0.orders, alias=o, indexName=<index_not_selected>, selectedIndexId=1784297227176, preAgg=UNSET, operativeCol=[], virtualColumns=[] ), states: []
         +--LogicalProject[57] ( distinct=false, projects=[L_ORDERKEY#17, L_PARTKEY#18, L_SUPPKEY#19, L_LINENUMBER#20, L_QUANTITY#21, L_EXTENDEDPRICE#22, L_DISCOUNT#23, L_TAX#24, L_RETURNFLAG#25, L_LINESTATUS#26, L_SHIPDATE#27, L_COMMITDATE#28, L_RECEIPTDATE#29, L_SHIPINSTRUCT#30, L_SHIPMODE#31, L_COMMENT#32] ), states: [rewrite_state: RewriteStateContext{rewriteState=REWRITTEN, batchId=11782}]
            +--LogicalFilter[701] ( predicates=AND[(l_shipdate#27 > 1995-03-15),( not l_shipdate#27 IS NULL),( not l_orderkey#17 IS NULL)] ), states: [rewrite_state: RewriteStateContext{rewriteState=REWRITTEN, batchId=11782}]
               +--LogicalOlapScan[25] ( qualified=internal.regression_test_nereids_tpch_p0.lineitem, alias=l, indexName=<index_not_selected>, selectedIndexId=1784297227153, preAgg=UNSET, operativeCol=[], virtualColumns=[] ), states: []	LogicalResultSink[30] ( outputExprs=[c_custkey#0, o_orderkey#8, l_linenumber#20, o_orderdate#12] ), states: []
+--LogicalSort[28] ( orderKeys=[o_orderdate#12 asc null first, o_orderkey#8 asc null first, l_linenumber#20 asc null first] ), states: []
   +--LogicalProject[18] ( distinct=false, projects=[c_custkey#0, o_orderkey#8, l_linenumber#20, o_orderdate#12] ), states: []
      +--LogicalJoin[742] ( type=INNER_JOIN, markJoinSlotReference=Optional.empty, hashJoinConjuncts=[(o_orderkey#8 = l_orderkey#17)], otherJoinConjuncts=[], markJoinConjuncts=[] ), states: []
         |--**LogicalJoin[783] ( type=INNER_JOIN, markJoinSlotReference=Optional.empty, hashJoinConjuncts=[(c_custkey#0 = o_custkey#9)], otherJoinConjuncts=[], markJoinConjuncts=[] ), states: []
         |  |--LogicalProject[31] ( distinct=false, projects=[C_CUSTKEY#0, C_NAME#1, C_ADDRESS#2, C_NATIONKEY#3, C_PHONE#4, C_ACCTBAL#5, C_MKTSEGMENT#6, C_COMMENT#7] ), states: [rewrite_state: RewriteStateContext{rewriteState=REWRITTEN, batchId=11782}]
         |  |  +--LogicalFilter[537] ( predicates=AND[(c_mktsegment#6 = 'BUILDING'),( not c_mktsegment#6 IS NULL),( not c_custkey#0 IS NULL)] ), states: [rewrite_state: RewriteStateContext{rewriteState=REWRITTEN, batchId=11782}]
         |  |     +--LogicalOlapScan[22] ( qualified=internal.regression_test_nereids_tpch_p0.customer, alias=c, indexName=<index_not_selected>, selectedIndexId=1784297227142, preAgg=UNSET, operativeCol=[], virtualColumns=[] ), states: []
         |  +--LogicalProject[44] ( distinct=false, projects=[O_ORDERKEY#8, O_CUSTKEY#9, O_ORDERSTATUS#10, O_TOTALPRICE#11, O_ORDERDATE#12, O_ORDERPRIORITY#13, O_CLERK#14, O_SHIPPRIORITY#15, O_COMMENT#16] ), states: [rewrite_state: RewriteStateContext{rewriteState=REWRITTEN, batchId=11782}]
         |     +--LogicalFilter[619] ( predicates=AND[(o_orderdate#12 < 1995-03-15),( not o_orderdate#12 IS NULL),( not o_orderkey#8 IS NULL),( not o_custkey#9 IS NULL)] ), states: [rewrite_state: RewriteStateContext{rewriteState=REWRITTEN, batchId=11782}]
         |        +--LogicalOlapScan[23] ( qualified=internal.regression_test_nereids_tpch_p0.orders, alias=o, indexName=<index_not_selected>, selectedIndexId=1784297227176, preAgg=UNSET, operativeCol=[], virtualColumns=[] ), states: []
         +--LogicalProject[57] ( distinct=false, projects=[L_ORDERKEY#17, L_PARTKEY#18, L_SUPPKEY#19, L_LINENUMBER#20, L_QUANTITY#21, L_EXTENDEDPRICE#22, L_DISCOUNT#23, L_TAX#24, L_RETURNFLAG#25, L_LINESTATUS#26, L_SHIPDATE#27, L_COMMITDATE#28, L_RECEIPTDATE#29, L_SHIPINSTRUCT#30, L_SHIPMODE#31, L_COMMENT#32] ), states: [rewrite_state: RewriteStateContext{rewriteState=REWRITTEN, batchId=11782}]
            +--LogicalFilter[701] ( predicates=AND[(l_shipdate#27 > 1995-03-15),( not l_shipdate#27 IS NULL),( not l_orderkey#17 IS NULL)] ), states: [rewrite_state: RewriteStateContext{rewriteState=REWRITTEN, batchId=11782}]
               +--LogicalOlapScan[25] ( qualified=internal.regression_test_nereids_tpch_p0.lineitem, alias=l, indexName=<index_not_selected>, selectedIndexId=1784297227153, preAgg=UNSET, operativeCol=[], virtualColumns=[] ), states: []
ELIMINATE_NOT_NULL	LogicalResultSink[30] ( outputExprs=[c_custkey#0, o_orderkey#8, l_linenumber#20, o_orderdate#12] ), states: [rewrite_state: RewriteStateContext{rewriteState=REWRITTEN, batchId=11783}]
+--LogicalSort[28] ( orderKeys=[o_orderdate#12 asc null first, o_orderkey#8 asc null first, l_linenumber#20 asc null first] ), states: [rewrite_state: RewriteStateContext{rewriteState=REWRITTEN, batchId=11783}]
   +--LogicalProject[18] ( distinct=false, projects=[c_custkey#0, o_orderkey#8, l_linenumber#20, o_orderdate#12] ), states: [rewrite_state: RewriteStateContext{rewriteState=REWRITTEN, batchId=11783}]
      +--LogicalJoin[742] ( type=INNER_JOIN, markJoinSlotReference=Optional.empty, hashJoinConjuncts=[(o_orderkey#8 = l_orderkey#17)], otherJoinConjuncts=[], markJoinConjuncts=[] ), states: [rewrite_state: RewriteStateContext{rewriteState=REWRITTEN, batchId=11783}]
         |--LogicalJoin[783] ( type=INNER_JOIN, markJoinSlotReference=Optional.empty, hashJoinConjuncts=[(c_custkey#0 = o_custkey#9)], otherJoinConjuncts=[], markJoinConjuncts=[] ), states: [rewrite_state: RewriteStateContext{rewriteState=REWRITTEN, batchId=11783}]
         |  |--LogicalProject[31] ( distinct=false, projects=[C_CUSTKEY#0, C_NAME#1, C_ADDRESS#2, C_NATIONKEY#3, C_PHONE#4, C_ACCTBAL#5, C_MKTSEGMENT#6, C_COMMENT#7] ), states: [rewrite_state: RewriteStateContext{rewriteState=REWRITTEN, batchId=11782}]
         |  |  +--**LogicalFilter[537] ( predicates=AND[(c_mktsegment#6 = 'BUILDING'),( not c_mktsegment#6 IS NULL),( not c_custkey#0 IS NULL)] ), states: [rewrite_state: RewriteStateContext{rewriteState=REWRITTEN, batchId=11782}]
         |  |     +--LogicalOlapScan[22] ( qualified=internal.regression_test_nereids_tpch_p0.customer, alias=c, indexName=<index_not_selected>, selectedIndexId=1784297227142, preAgg=UNSET, operativeCol=[], virtualColumns=[] ), states: []
         |  +--LogicalProject[44] ( distinct=false, projects=[O_ORDERKEY#8, O_CUSTKEY#9, O_ORDERSTATUS#10, O_TOTALPRICE#11, O_ORDERDATE#12, O_ORDERPRIORITY#13, O_CLERK#14, O_SHIPPRIORITY#15, O_COMMENT#16] ), states: [rewrite_state: RewriteStateContext{rewriteState=REWRITTEN, batchId=11782}]
         |     +--LogicalFilter[619] ( predicates=AND[(o_orderdate#12 < 1995-03-15),( not o_orderdate#12 IS NULL),( not o_orderkey#8 IS NULL),( not o_custkey#9 IS NULL)] ), states: [rewrite_state: RewriteStateContext{rewriteState=REWRITTEN, batchId=11782}]
         |        +--LogicalOlapScan[23] ( qualified=internal.regression_test_nereids_tpch_p0.orders, alias=o, indexName=<index_not_selected>, selectedIndexId=1784297227176, preAgg=UNSET, operativeCol=[], virtualColumns=[] ), states: []
         +--LogicalProject[57] ( distinct=false, projects=[L_ORDERKEY#17, L_PARTKEY#18, L_SUPPKEY#19, L_LINENUMBER#20, L_QUANTITY#21, L_EXTENDEDPRICE#22, L_DISCOUNT#23, L_TAX#24, L_RETURNFLAG#25, L_LINESTATUS#26, L_SHIPDATE#27, L_COMMITDATE#28, L_RECEIPTDATE#29, L_SHIPINSTRUCT#30, L_SHIPMODE#31, L_COMMENT#32] ), states: [rewrite_state: RewriteStateContext{rewriteState=REWRITTEN, batchId=11782}]
            +--LogicalFilter[701] ( predicates=AND[(l_shipdate#27 > 1995-03-15),( not l_shipdate#27 IS NULL),( not l_orderkey#17 IS NULL)] ), states: [rewrite_state: RewriteStateContext{rewriteState=REWRITTEN, batchId=11782}]
               +--LogicalOlapScan[25] ( qualified=internal.regression_test_nereids_tpch_p0.lineitem, alias=l, indexName=<index_not_selected>, selectedIndexId=1784297227153, preAgg=UNSET, operativeCol=[], virtualColumns=[] ), states: []	LogicalResultSink[30] ( outputExprs=[c_custkey#0, o_orderkey#8, l_linenumber#20, o_orderdate#12] ), states: []
+--LogicalSort[28] ( orderKeys=[o_orderdate#12 asc null first, o_orderkey#8 asc null first, l_linenumber#20 asc null first] ), states: []
   +--LogicalProject[18] ( distinct=false, projects=[c_custkey#0, o_orderkey#8, l_linenumber#20, o_orderdate#12] ), states: []
      +--LogicalJoin[742] ( type=INNER_JOIN, markJoinSlotReference=Optional.empty, hashJoinConjuncts=[(o_orderkey#8 = l_orderkey#17)], otherJoinConjuncts=[], markJoinConjuncts=[] ), states: []
         |--LogicalJoin[783] ( type=INNER_JOIN, markJoinSlotReference=Optional.empty, hashJoinConjuncts=[(c_custkey#0 = o_custkey#9)], otherJoinConjuncts=[], markJoinConjuncts=[] ), states: []
         |  |--LogicalProject[31] ( distinct=false, projects=[C_CUSTKEY#0, C_NAME#1, C_ADDRESS#2, C_NATIONKEY#3, C_PHONE#4, C_ACCTBAL#5, C_MKTSEGMENT#6, C_COMMENT#7] ), states: []
         |  |  +--**LogicalFilter[824] ( predicates=(c_mktsegment#6 = 'BUILDING') ), states: []
         |  |     +--LogicalOlapScan[22] ( qualified=internal.regression_test_nereids_tpch_p0.customer, alias=c, indexName=<index_not_selected>, selectedIndexId=1784297227142, preAgg=UNSET, operativeCol=[], virtualColumns=[] ), states: []
         |  +--LogicalProject[44] ( distinct=false, projects=[O_ORDERKEY#8, O_CUSTKEY#9, O_ORDERSTATUS#10, O_TOTALPRICE#11, O_ORDERDATE#12, O_ORDERPRIORITY#13, O_CLERK#14, O_SHIPPRIORITY#15, O_COMMENT#16] ), states: [rewrite_state: RewriteStateContext{rewriteState=REWRITTEN, batchId=11782}]
         |     +--LogicalFilter[619] ( predicates=AND[(o_orderdate#12 < 1995-03-15),( not o_orderdate#12 IS NULL),( not o_orderkey#8 IS NULL),( not o_custkey#9 IS NULL)] ), states: [rewrite_state: RewriteStateContext{rewriteState=REWRITTEN, batchId=11782}]
         |        +--LogicalOlapScan[23] ( qualified=internal.regression_test_nereids_tpch_p0.orders, alias=o, indexName=<index_not_selected>, selectedIndexId=1784297227176, preAgg=UNSET, operativeCol=[], virtualColumns=[] ), states: []
         +--LogicalProject[57] ( distinct=false, projects=[L_ORDERKEY#17, L_PARTKEY#18, L_SUPPKEY#19, L_LINENUMBER#20, L_QUANTITY#21, L_EXTENDEDPRICE#22, L_DISCOUNT#23, L_TAX#24, L_RETURNFLAG#25, L_LINESTATUS#26, L_SHIPDATE#27, L_COMMITDATE#28, L_RECEIPTDATE#29, L_SHIPINSTRUCT#30, L_SHIPMODE#31, L_COMMENT#32] ), states: [rewrite_state: RewriteStateContext{rewriteState=REWRITTEN, batchId=11782}]
            +--LogicalFilter[701] ( predicates=AND[(l_shipdate#27 > 1995-03-15),( not l_shipdate#27 IS NULL),( not l_orderkey#17 IS NULL)] ), states: [rewrite_state: RewriteStateContext{rewriteState=REWRITTEN, batchId=11782}]
               +--LogicalOlapScan[25] ( qualified=internal.regression_test_nereids_tpch_p0.lineitem, alias=l, indexName=<index_not_selected>, selectedIndexId=1784297227153, preAgg=UNSET, operativeCol=[], virtualColumns=[] ), states: []
ELIMINATE_NOT_NULL	LogicalResultSink[30] ( outputExprs=[c_custkey#0, o_orderkey#8, l_linenumber#20, o_orderdate#12] ), states: []
+--LogicalSort[28] ( orderKeys=[o_orderdate#12 asc null first, o_orderkey#8 asc null first, l_linenumber#20 asc null first] ), states: []
   +--LogicalProject[18] ( distinct=false, projects=[c_custkey#0, o_orderkey#8, l_linenumber#20, o_orderdate#12] ), states: []
      +--LogicalJoin[742] ( type=INNER_JOIN, markJoinSlotReference=Optional.empty, hashJoinConjuncts=[(o_orderkey#8 = l_orderkey#17)], otherJoinConjuncts=[], markJoinConjuncts=[] ), states: []
         |--LogicalJoin[783] ( type=INNER_JOIN, markJoinSlotReference=Optional.empty, hashJoinConjuncts=[(c_custkey#0 = o_custkey#9)], otherJoinConjuncts=[], markJoinConjuncts=[] ), states: []
         |  |--LogicalProject[31] ( distinct=false, projects=[C_CUSTKEY#0, C_NAME#1, C_ADDRESS#2, C_NATIONKEY#3, C_PHONE#4, C_ACCTBAL#5, C_MKTSEGMENT#6, C_COMMENT#7] ), states: [rewrite_state: RewriteStateContext{rewriteState=REWRITTEN, batchId=11784}]
         |  |  +--LogicalFilter[824] ( predicates=(c_mktsegment#6 = 'BUILDING') ), states: [rewrite_state: RewriteStateContext{rewriteState=REWRITTEN, batchId=11784}]
         |  |     +--LogicalOlapScan[22] ( qualified=internal.regression_test_nereids_tpch_p0.customer, alias=c, indexName=<index_not_selected>, selectedIndexId=1784297227142, preAgg=UNSET, operativeCol=[], virtualColumns=[] ), states: []
         |  +--LogicalProject[44] ( distinct=false, projects=[O_ORDERKEY#8, O_CUSTKEY#9, O_ORDERSTATUS#10, O_TOTALPRICE#11, O_ORDERDATE#12, O_ORDERPRIORITY#13, O_CLERK#14, O_SHIPPRIORITY#15, O_COMMENT#16] ), states: [rewrite_state: RewriteStateContext{rewriteState=REWRITTEN, batchId=11782}]
         |     +--**LogicalFilter[619] ( predicates=AND[(o_orderdate#12 < 1995-03-15),( not o_orderdate#12 IS NULL),( not o_orderkey#8 IS NULL),( not o_custkey#9 IS NULL)] ), states: [rewrite_state: RewriteStateContext{rewriteState=REWRITTEN, batchId=11782}]
         |        +--LogicalOlapScan[23] ( qualified=internal.regression_test_nereids_tpch_p0.orders, alias=o, indexName=<index_not_selected>, selectedIndexId=1784297227176, preAgg=UNSET, operativeCol=[], virtualColumns=[] ), states: []
         +--LogicalProject[57] ( distinct=false, projects=[L_ORDERKEY#17, L_PARTKEY#18, L_SUPPKEY#19, L_LINENUMBER#20, L_QUANTITY#21, L_EXTENDEDPRICE#22, L_DISCOUNT#23, L_TAX#24, L_RETURNFLAG#25, L_LINESTATUS#26, L_SHIPDATE#27, L_COMMITDATE#28, L_RECEIPTDATE#29, L_SHIPINSTRUCT#30, L_SHIPMODE#31, L_COMMENT#32] ), states: [rewrite_state: RewriteStateContext{rewriteState=REWRITTEN, batchId=11782}]
            +--LogicalFilter[701] ( predicates=AND[(l_shipdate#27 > 1995-03-15),( not l_shipdate#27 IS NULL),( not l_orderkey#17 IS NULL)] ), states: [rewrite_state: RewriteStateContext{rewriteState=REWRITTEN, batchId=11782}]
               +--LogicalOlapScan[25] ( qualified=internal.regression_test_nereids_tpch_p0.lineitem, alias=l, indexName=<index_not_selected>, selectedIndexId=1784297227153, preAgg=UNSET, operativeCol=[], virtualColumns=[] ), states: []	LogicalResultSink[30] ( outputExprs=[c_custkey#0, o_orderkey#8, l_linenumber#20, o_orderdate#12] ), states: []
+--LogicalSort[28] ( orderKeys=[o_orderdate#12 asc null first, o_orderkey#8 asc null first, l_linenumber#20 asc null first] ), states: []
   +--LogicalProject[18] ( distinct=false, projects=[c_custkey#0, o_orderkey#8, l_linenumber#20, o_orderdate#12] ), states: []
      +--LogicalJoin[742] ( type=INNER_JOIN, markJoinSlotReference=Optional.empty, hashJoinConjuncts=[(o_orderkey#8 = l_orderkey#17)], otherJoinConjuncts=[], markJoinConjuncts=[] ), states: []
         |--LogicalJoin[783] ( type=INNER_JOIN, markJoinSlotReference=Optional.empty, hashJoinConjuncts=[(c_custkey#0 = o_custkey#9)], otherJoinConjuncts=[], markJoinConjuncts=[] ), states: []
         |  |--LogicalProject[31] ( distinct=false, projects=[C_CUSTKEY#0, C_NAME#1, C_ADDRESS#2, C_NATIONKEY#3, C_PHONE#4, C_ACCTBAL#5, C_MKTSEGMENT#6, C_COMMENT#7] ), states: [rewrite_state: RewriteStateContext{rewriteState=REWRITTEN, batchId=11784}]
         |  |  +--LogicalFilter[824] ( predicates=(c_mktsegment#6 = 'BUILDING') ), states: [rewrite_state: RewriteStateContext{rewriteState=REWRITTEN, batchId=11784}]
         |  |     +--LogicalOlapScan[22] ( qualified=internal.regression_test_nereids_tpch_p0.customer, alias=c, indexName=<index_not_selected>, selectedIndexId=1784297227142, preAgg=UNSET, operativeCol=[], virtualColumns=[] ), states: []
         |  +--LogicalProject[44] ( distinct=false, projects=[O_ORDERKEY#8, O_CUSTKEY#9, O_ORDERSTATUS#10, O_TOTALPRICE#11, O_ORDERDATE#12, O_ORDERPRIORITY#13, O_CLERK#14, O_SHIPPRIORITY#15, O_COMMENT#16] ), states: []
         |     +--**LogicalFilter[861] ( predicates=(o_orderdate#12 < 1995-03-15) ), states: []
         |        +--LogicalOlapScan[23] ( qualified=internal.regression_test_nereids_tpch_p0.orders, alias=o, indexName=<index_not_selected>, selectedIndexId=1784297227176, preAgg=UNSET, operativeCol=[], virtualColumns=[] ), states: []
         +--LogicalProject[57] ( distinct=false, projects=[L_ORDERKEY#17, L_PARTKEY#18, L_SUPPKEY#19, L_LINENUMBER#20, L_QUANTITY#21, L_EXTENDEDPRICE#22, L_DISCOUNT#23, L_TAX#24, L_RETURNFLAG#25, L_LINESTATUS#26, L_SHIPDATE#27, L_COMMITDATE#28, L_RECEIPTDATE#29, L_SHIPINSTRUCT#30, L_SHIPMODE#31, L_COMMENT#32] ), states: [rewrite_state: RewriteStateContext{rewriteState=REWRITTEN, batchId=11782}]
            +--LogicalFilter[701] ( predicates=AND[(l_shipdate#27 > 1995-03-15),( not l_shipdate#27 IS NULL),( not l_orderkey#17 IS NULL)] ), states: [rewrite_state: RewriteStateContext{rewriteState=REWRITTEN, batchId=11782}]
               +--LogicalOlapScan[25] ( qualified=internal.regression_test_nereids_tpch_p0.lineitem, alias=l, indexName=<index_not_selected>, selectedIndexId=1784297227153, preAgg=UNSET, operativeCol=[], virtualColumns=[] ), states: []
ELIMINATE_NOT_NULL	LogicalResultSink[30] ( outputExprs=[c_custkey#0, o_orderkey#8, l_linenumber#20, o_orderdate#12] ), states: []
+--LogicalSort[28] ( orderKeys=[o_orderdate#12 asc null first, o_orderkey#8 asc null first, l_linenumber#20 asc null first] ), states: []
   +--LogicalProject[18] ( distinct=false, projects=[c_custkey#0, o_orderkey#8, l_linenumber#20, o_orderdate#12] ), states: []
      +--LogicalJoin[742] ( type=INNER_JOIN, markJoinSlotReference=Optional.empty, hashJoinConjuncts=[(o_orderkey#8 = l_orderkey#17)], otherJoinConjuncts=[], markJoinConjuncts=[] ), states: []
         |--LogicalJoin[783] ( type=INNER_JOIN, markJoinSlotReference=Optional.empty, hashJoinConjuncts=[(c_custkey#0 = o_custkey#9)], otherJoinConjuncts=[], markJoinConjuncts=[] ), states: [rewrite_state: RewriteStateContext{rewriteState=REWRITTEN, batchId=11784}]
         |  |--LogicalProject[31] ( distinct=false, projects=[C_CUSTKEY#0, C_NAME#1, C_ADDRESS#2, C_NATIONKEY#3, C_PHONE#4, C_ACCTBAL#5, C_MKTSEGMENT#6, C_COMMENT#7] ), states: [rewrite_state: RewriteStateContext{rewriteState=REWRITTEN, batchId=11784}]
         |  |  +--LogicalFilter[824] ( predicates=(c_mktsegment#6 = 'BUILDING') ), states: [rewrite_state: RewriteStateContext{rewriteState=REWRITTEN, batchId=11784}]
         |  |     +--LogicalOlapScan[22] ( qualified=internal.regression_test_nereids_tpch_p0.customer, alias=c, indexName=<index_not_selected>, selectedIndexId=1784297227142, preAgg=UNSET, operativeCol=[], virtualColumns=[] ), states: []
         |  +--LogicalProject[44] ( distinct=false, projects=[O_ORDERKEY#8, O_CUSTKEY#9, O_ORDERSTATUS#10, O_TOTALPRICE#11, O_ORDERDATE#12, O_ORDERPRIORITY#13, O_CLERK#14, O_SHIPPRIORITY#15, O_COMMENT#16] ), states: [rewrite_state: RewriteStateContext{rewriteState=REWRITTEN, batchId=11784}]
         |     +--LogicalFilter[861] ( predicates=(o_orderdate#12 < 1995-03-15) ), states: [rewrite_state: RewriteStateContext{rewriteState=REWRITTEN, batchId=11784}]
         |        +--LogicalOlapScan[23] ( qualified=internal.regression_test_nereids_tpch_p0.orders, alias=o, indexName=<index_not_selected>, selectedIndexId=1784297227176, preAgg=UNSET, operativeCol=[], virtualColumns=[] ), states: []
         +--LogicalProject[57] ( distinct=false, projects=[L_ORDERKEY#17, L_PARTKEY#18, L_SUPPKEY#19, L_LINENUMBER#20, L_QUANTITY#21, L_EXTENDEDPRICE#22, L_DISCOUNT#23, L_TAX#24, L_RETURNFLAG#25, L_LINESTATUS#26, L_SHIPDATE#27, L_COMMITDATE#28, L_RECEIPTDATE#29, L_SHIPINSTRUCT#30, L_SHIPMODE#31, L_COMMENT#32] ), states: [rewrite_state: RewriteStateContext{rewriteState=REWRITTEN, batchId=11782}]
            +--**LogicalFilter[701] ( predicates=AND[(l_shipdate#27 > 1995-03-15),( not l_shipdate#27 IS NULL),( not l_orderkey#17 IS NULL)] ), states: [rewrite_state: RewriteStateContext{rewriteState=REWRITTEN, batchId=11782}]
               +--LogicalOlapScan[25] ( qualified=internal.regression_test_nereids_tpch_p0.lineitem, alias=l, indexName=<index_not_selected>, selectedIndexId=1784297227153, preAgg=UNSET, operativeCol=[], virtualColumns=[] ), states: []	LogicalResultSink[30] ( outputExprs=[c_custkey#0, o_orderkey#8, l_linenumber#20, o_orderdate#12] ), states: []
+--LogicalSort[28] ( orderKeys=[o_orderdate#12 asc null first, o_orderkey#8 asc null first, l_linenumber#20 asc null first] ), states: []
   +--LogicalProject[18] ( distinct=false, projects=[c_custkey#0, o_orderkey#8, l_linenumber#20, o_orderdate#12] ), states: []
      +--LogicalJoin[742] ( type=INNER_JOIN, markJoinSlotReference=Optional.empty, hashJoinConjuncts=[(o_orderkey#8 = l_orderkey#17)], otherJoinConjuncts=[], markJoinConjuncts=[] ), states: []
         |--LogicalJoin[783] ( type=INNER_JOIN, markJoinSlotReference=Optional.empty, hashJoinConjuncts=[(c_custkey#0 = o_custkey#9)], otherJoinConjuncts=[], markJoinConjuncts=[] ), states: [rewrite_state: RewriteStateContext{rewriteState=REWRITTEN, batchId=11784}]
         |  |--LogicalProject[31] ( distinct=false, projects=[C_CUSTKEY#0, C_NAME#1, C_ADDRESS#2, C_NATIONKEY#3, C_PHONE#4, C_ACCTBAL#5, C_MKTSEGMENT#6, C_COMMENT#7] ), states: [rewrite_state: RewriteStateContext{rewriteState=REWRITTEN, batchId=11784}]
         |  |  +--LogicalFilter[824] ( predicates=(c_mktsegment#6 = 'BUILDING') ), states: [rewrite_state: RewriteStateContext{rewriteState=REWRITTEN, batchId=11784}]
         |  |     +--LogicalOlapScan[22] ( qualified=internal.regression_test_nereids_tpch_p0.customer, alias=c, indexName=<index_not_selected>, selectedIndexId=1784297227142, preAgg=UNSET, operativeCol=[], virtualColumns=[] ), states: []
         |  +--LogicalProject[44] ( distinct=false, projects=[O_ORDERKEY#8, O_CUSTKEY#9, O_ORDERSTATUS#10, O_TOTALPRICE#11, O_ORDERDATE#12, O_ORDERPRIORITY#13, O_CLERK#14, O_SHIPPRIORITY#15, O_COMMENT#16] ), states: [rewrite_state: RewriteStateContext{rewriteState=REWRITTEN, batchId=11784}]
         |     +--LogicalFilter[861] ( predicates=(o_orderdate#12 < 1995-03-15) ), states: [rewrite_state: RewriteStateContext{rewriteState=REWRITTEN, batchId=11784}]
         |        +--LogicalOlapScan[23] ( qualified=internal.regression_test_nereids_tpch_p0.orders, alias=o, indexName=<index_not_selected>, selectedIndexId=1784297227176, preAgg=UNSET, operativeCol=[], virtualColumns=[] ), states: []
         +--LogicalProject[57] ( distinct=false, projects=[L_ORDERKEY#17, L_PARTKEY#18, L_SUPPKEY#19, L_LINENUMBER#20, L_QUANTITY#21, L_EXTENDEDPRICE#22, L_DISCOUNT#23, L_TAX#24, L_RETURNFLAG#25, L_LINESTATUS#26, L_SHIPDATE#27, L_COMMITDATE#28, L_RECEIPTDATE#29, L_SHIPINSTRUCT#30, L_SHIPMODE#31, L_COMMENT#32] ), states: []
            +--**LogicalFilter[888] ( predicates=(l_shipdate#27 > 1995-03-15) ), states: []
               +--LogicalOlapScan[25] ( qualified=internal.regression_test_nereids_tpch_p0.lineitem, alias=l, indexName=<index_not_selected>, selectedIndexId=1784297227153, preAgg=UNSET, operativeCol=[], virtualColumns=[] ), states: []
COLUMN_PRUNING	**LogicalResultSink[30] ( outputExprs=[c_custkey#0, o_orderkey#8, l_linenumber#20, o_orderdate#12] ), states: [rewrite_state: RewriteStateContext{rewriteState=REWRITTEN, batchId=11784}]
+--LogicalSort[28] ( orderKeys=[o_orderdate#12 asc null first, o_orderkey#8 asc null first, l_linenumber#20 asc null first] ), states: [rewrite_state: RewriteStateContext{rewriteState=REWRITTEN, batchId=11784}]
   +--LogicalProject[18] ( distinct=false, projects=[c_custkey#0, o_orderkey#8, l_linenumber#20, o_orderdate#12] ), states: [rewrite_state: RewriteStateContext{rewriteState=REWRITTEN, batchId=11784}]
      +--LogicalJoin[742] ( type=INNER_JOIN, markJoinSlotReference=Optional.empty, hashJoinConjuncts=[(o_orderkey#8 = l_orderkey#17)], otherJoinConjuncts=[], markJoinConjuncts=[] ), states: [rewrite_state: RewriteStateContext{rewriteState=REWRITTEN, batchId=11784}]
         |--LogicalJoin[783] ( type=INNER_JOIN, markJoinSlotReference=Optional.empty, hashJoinConjuncts=[(c_custkey#0 = o_custkey#9)], otherJoinConjuncts=[], markJoinConjuncts=[] ), states: [rewrite_state: RewriteStateContext{rewriteState=REWRITTEN, batchId=11784}]
         |  |--LogicalProject[31] ( distinct=false, projects=[C_CUSTKEY#0, C_NAME#1, C_ADDRESS#2, C_NATIONKEY#3, C_PHONE#4, C_ACCTBAL#5, C_MKTSEGMENT#6, C_COMMENT#7] ), states: [rewrite_state: RewriteStateContext{rewriteState=REWRITTEN, batchId=11784}]
         |  |  +--LogicalFilter[824] ( predicates=(c_mktsegment#6 = 'BUILDING') ), states: [rewrite_state: RewriteStateContext{rewriteState=REWRITTEN, batchId=11784}]
         |  |     +--LogicalOlapScan[22] ( qualified=internal.regression_test_nereids_tpch_p0.customer, alias=c, indexName=<index_not_selected>, selectedIndexId=1784297227142, preAgg=UNSET, operativeCol=[], virtualColumns=[] ), states: []
         |  +--LogicalProject[44] ( distinct=false, projects=[O_ORDERKEY#8, O_CUSTKEY#9, O_ORDERSTATUS#10, O_TOTALPRICE#11, O_ORDERDATE#12, O_ORDERPRIORITY#13, O_CLERK#14, O_SHIPPRIORITY#15, O_COMMENT#16] ), states: [rewrite_state: RewriteStateContext{rewriteState=REWRITTEN, batchId=11784}]
         |     +--LogicalFilter[861] ( predicates=(o_orderdate#12 < 1995-03-15) ), states: [rewrite_state: RewriteStateContext{rewriteState=REWRITTEN, batchId=11784}]
         |        +--LogicalOlapScan[23] ( qualified=internal.regression_test_nereids_tpch_p0.orders, alias=o, indexName=<index_not_selected>, selectedIndexId=1784297227176, preAgg=UNSET, operativeCol=[], virtualColumns=[] ), states: []
         +--LogicalProject[57] ( distinct=false, projects=[L_ORDERKEY#17, L_PARTKEY#18, L_SUPPKEY#19, L_LINENUMBER#20, L_QUANTITY#21, L_EXTENDEDPRICE#22, L_DISCOUNT#23, L_TAX#24, L_RETURNFLAG#25, L_LINESTATUS#26, L_SHIPDATE#27, L_COMMITDATE#28, L_RECEIPTDATE#29, L_SHIPINSTRUCT#30, L_SHIPMODE#31, L_COMMENT#32] ), states: [rewrite_state: RewriteStateContext{rewriteState=REWRITTEN, batchId=11784}]
            +--LogicalFilter[888] ( predicates=(l_shipdate#27 > 1995-03-15) ), states: [rewrite_state: RewriteStateContext{rewriteState=REWRITTEN, batchId=11784}]
               +--LogicalOlapScan[25] ( qualified=internal.regression_test_nereids_tpch_p0.lineitem, alias=l, indexName=<index_not_selected>, selectedIndexId=1784297227153, preAgg=UNSET, operativeCol=[], virtualColumns=[] ), states: []	**LogicalResultSink[30] ( outputExprs=[c_custkey#0, o_orderkey#8, l_linenumber#20, o_orderdate#12] ), states: []
+--LogicalSort[28] ( orderKeys=[o_orderdate#12 asc null first, o_orderkey#8 asc null first, l_linenumber#20 asc null first] ), states: []
   +--LogicalProject[18] ( distinct=false, projects=[c_custkey#0, o_orderkey#8, l_linenumber#20, o_orderdate#12] ), states: []
      +--LogicalJoin[742] ( type=INNER_JOIN, markJoinSlotReference=Optional.empty, hashJoinConjuncts=[(o_orderkey#8 = l_orderkey#17)], otherJoinConjuncts=[], markJoinConjuncts=[] ), states: []
         |--LogicalProject[905] ( distinct=false, projects=[C_CUSTKEY#0, O_ORDERKEY#8, O_ORDERDATE#12] ), states: []
         |  +--LogicalJoin[783] ( type=INNER_JOIN, markJoinSlotReference=Optional.empty, hashJoinConjuncts=[(c_custkey#0 = o_custkey#9)], otherJoinConjuncts=[], markJoinConjuncts=[] ), states: []
         |     |--LogicalProject[31] ( distinct=false, projects=[C_CUSTKEY#0] ), states: []
         |     |  +--LogicalFilter[824] ( predicates=(c_mktsegment#6 = 'BUILDING') ), states: [rewrite_state: RewriteStateContext{rewriteState=REWRITTEN, batchId=11784}]
         |     |     +--LogicalOlapScan[22] ( qualified=internal.regression_test_nereids_tpch_p0.customer, alias=c, indexName=<index_not_selected>, selectedIndexId=1784297227142, preAgg=UNSET, operativeCol=[], virtualColumns=[] ), states: []
         |     +--LogicalProject[44] ( distinct=false, projects=[O_ORDERKEY#8, O_CUSTKEY#9, O_ORDERDATE#12] ), states: []
         |        +--LogicalFilter[861] ( predicates=(o_orderdate#12 < 1995-03-15) ), states: [rewrite_state: RewriteStateContext{rewriteState=REWRITTEN, batchId=11784}]
         |           +--LogicalOlapScan[23] ( qualified=internal.regression_test_nereids_tpch_p0.orders, alias=o, indexName=<index_not_selected>, selectedIndexId=1784297227176, preAgg=UNSET, operativeCol=[], virtualColumns=[] ), states: []
         +--LogicalProject[57] ( distinct=false, projects=[L_ORDERKEY#17, L_LINENUMBER#20] ), states: []
            +--LogicalFilter[888] ( predicates=(l_shipdate#27 > 1995-03-15) ), states: [rewrite_state: RewriteStateContext{rewriteState=REWRITTEN, batchId=11784}]
               +--LogicalOlapScan[25] ( qualified=internal.regression_test_nereids_tpch_p0.lineitem, alias=l, indexName=<index_not_selected>, selectedIndexId=1784297227153, preAgg=UNSET, operativeCol=[], virtualColumns=[] ), states: []
INIT_JOIN_ORDER	LogicalResultSink[30] ( outputExprs=[c_custkey#0, o_orderkey#8, l_linenumber#20, o_orderdate#12] ), states: [rewrite_state: RewriteStateContext{rewriteState=REWRITTEN, batchId=11787}]
+--LogicalSort[28] ( orderKeys=[o_orderdate#12 asc null first, o_orderkey#8 asc null first, l_linenumber#20 asc null first] ), states: [rewrite_state: RewriteStateContext{rewriteState=REWRITTEN, batchId=11787}]
   +--LogicalProject[18] ( distinct=false, projects=[c_custkey#0, o_orderkey#8, l_linenumber#20, o_orderdate#12] ), states: [rewrite_state: RewriteStateContext{rewriteState=REWRITTEN, batchId=11787}]
      +--LogicalJoin[742] ( type=INNER_JOIN, markJoinSlotReference=Optional.empty, hashJoinConjuncts=[(o_orderkey#8 = l_orderkey#17)], otherJoinConjuncts=[], markJoinConjuncts=[] ), states: [rewrite_state: RewriteStateContext{rewriteState=REWRITTEN, batchId=11787}]
         |--LogicalProject[905] ( distinct=false, projects=[C_CUSTKEY#0, O_ORDERKEY#8, O_ORDERDATE#12] ), states: [rewrite_state: RewriteStateContext{rewriteState=REWRITTEN, batchId=11787}]
         |  +--**LogicalJoin[783] ( type=INNER_JOIN, markJoinSlotReference=Optional.empty, hashJoinConjuncts=[(c_custkey#0 = o_custkey#9)], otherJoinConjuncts=[], markJoinConjuncts=[] ), states: [rewrite_state: RewriteStateContext{rewriteState=REWRITTEN, batchId=11787}]
         |     |--LogicalProject[31] ( distinct=false, projects=[C_CUSTKEY#0], stats=3,150 ), states: [rewrite_state: RewriteStateContext{rewriteState=REWRITTEN, batchId=11787}]
         |     |  +--LogicalFilter[824] ( predicates=(c_mktsegment#6 = 'BUILDING'), stats=3,150 ), states: [rewrite_state: RewriteStateContext{rewriteState=REWRITTEN, batchId=11786}]
         |     |     +--LogicalOlapScan[22] ( qualified=internal.regression_test_nereids_tpch_p0.customer, alias=c, indexName=<index_not_selected>, selectedIndexId=1784297227142, preAgg=UNSET, operativeCol=[], stats=15,000, virtualColumns=[] ), states: []
         |     +--LogicalProject[44] ( distinct=false, projects=[O_ORDERKEY#8, O_CUSTKEY#9, O_ORDERDATE#12], stats=72,910.6 ), states: [rewrite_state: RewriteStateContext{rewriteState=REWRITTEN, batchId=11787}]
         |        +--LogicalFilter[861] ( predicates=(o_orderdate#12 < 1995-03-15), stats=72,910.6 ), states: [rewrite_state: RewriteStateContext{rewriteState=REWRITTEN, batchId=11786}]
         |           +--LogicalOlapScan[23] ( qualified=internal.regression_test_nereids_tpch_p0.orders, alias=o, indexName=<index_not_selected>, selectedIndexId=1784297227176, preAgg=UNSET, operativeCol=[], stats=150,000, virtualColumns=[] ), states: []
         +--LogicalProject[57] ( distinct=false, projects=[L_ORDERKEY#17, L_LINENUMBER#20] ), states: [rewrite_state: RewriteStateContext{rewriteState=REWRITTEN, batchId=11787}]
            +--LogicalFilter[888] ( predicates=(l_shipdate#27 > 1995-03-15) ), states: [rewrite_state: RewriteStateContext{rewriteState=REWRITTEN, batchId=11786}]
               +--LogicalOlapScan[25] ( qualified=internal.regression_test_nereids_tpch_p0.lineitem, alias=l, indexName=<index_not_selected>, selectedIndexId=1784297227153, preAgg=UNSET, operativeCol=[], virtualColumns=[] ), states: []	LogicalResultSink[30] ( outputExprs=[c_custkey#0, o_orderkey#8, l_linenumber#20, o_orderdate#12] ), states: []
+--LogicalSort[28] ( orderKeys=[o_orderdate#12 asc null first, o_orderkey#8 asc null first, l_linenumber#20 asc null first] ), states: []
   +--LogicalProject[18] ( distinct=false, projects=[c_custkey#0, o_orderkey#8, l_linenumber#20, o_orderdate#12] ), states: []
      +--LogicalJoin[742] ( type=INNER_JOIN, markJoinSlotReference=Optional.empty, hashJoinConjuncts=[(o_orderkey#8 = l_orderkey#17)], otherJoinConjuncts=[], markJoinConjuncts=[] ), states: []
         |--LogicalProject[905] ( distinct=false, projects=[C_CUSTKEY#0, O_ORDERKEY#8, O_ORDERDATE#12] ), states: []
         |  +--**LogicalJoin[918] ( type=INNER_JOIN, markJoinSlotReference=Optional.empty, hashJoinConjuncts=[(c_custkey#0 = o_custkey#9)], otherJoinConjuncts=[], markJoinConjuncts=[] ), states: []
         |     |--LogicalProject[44] ( distinct=false, projects=[O_ORDERKEY#8, O_CUSTKEY#9, O_ORDERDATE#12], stats=72,910.6 ), states: [rewrite_state: RewriteStateContext{rewriteState=REWRITTEN, batchId=11787}]
         |     |  +--LogicalFilter[861] ( predicates=(o_orderdate#12 < 1995-03-15), stats=72,910.6 ), states: [rewrite_state: RewriteStateContext{rewriteState=REWRITTEN, batchId=11786}]
         |     |     +--LogicalOlapScan[23] ( qualified=internal.regression_test_nereids_tpch_p0.orders, alias=o, indexName=<index_not_selected>, selectedIndexId=1784297227176, preAgg=UNSET, operativeCol=[], stats=150,000, virtualColumns=[] ), states: []
         |     +--LogicalProject[31] ( distinct=false, projects=[C_CUSTKEY#0], stats=3,150 ), states: [rewrite_state: RewriteStateContext{rewriteState=REWRITTEN, batchId=11787}]
         |        +--LogicalFilter[824] ( predicates=(c_mktsegment#6 = 'BUILDING'), stats=3,150 ), states: [rewrite_state: RewriteStateContext{rewriteState=REWRITTEN, batchId=11786}]
         |           +--LogicalOlapScan[22] ( qualified=internal.regression_test_nereids_tpch_p0.customer, alias=c, indexName=<index_not_selected>, selectedIndexId=1784297227142, preAgg=UNSET, operativeCol=[], stats=15,000, virtualColumns=[] ), states: []
         +--LogicalProject[57] ( distinct=false, projects=[L_ORDERKEY#17, L_LINENUMBER#20] ), states: [rewrite_state: RewriteStateContext{rewriteState=REWRITTEN, batchId=11787}]
            +--LogicalFilter[888] ( predicates=(l_shipdate#27 > 1995-03-15) ), states: [rewrite_state: RewriteStateContext{rewriteState=REWRITTEN, batchId=11786}]
               +--LogicalOlapScan[25] ( qualified=internal.regression_test_nereids_tpch_p0.lineitem, alias=l, indexName=<index_not_selected>, selectedIndexId=1784297227153, preAgg=UNSET, operativeCol=[], virtualColumns=[] ), states: []
INIT_JOIN_ORDER	LogicalResultSink[30] ( outputExprs=[c_custkey#0, o_orderkey#8, l_linenumber#20, o_orderdate#12] ), states: []
+--LogicalSort[28] ( orderKeys=[o_orderdate#12 asc null first, o_orderkey#8 asc null first, l_linenumber#20 asc null first] ), states: []
   +--LogicalProject[18] ( distinct=false, projects=[c_custkey#0, o_orderkey#8, l_linenumber#20, o_orderdate#12] ), states: []
      +--**LogicalJoin[742] ( type=INNER_JOIN, markJoinSlotReference=Optional.empty, hashJoinConjuncts=[(o_orderkey#8 = l_orderkey#17)], otherJoinConjuncts=[], markJoinConjuncts=[] ), states: []
         |--LogicalProject[905] ( distinct=false, projects=[C_CUSTKEY#0, O_ORDERKEY#8, O_ORDERDATE#12], stats=22,836.67 ), states: [rewrite_state: RewriteStateContext{rewriteState=REWRITTEN, batchId=11788}]
         |  +--LogicalJoin[918] ( type=INNER_JOIN, markJoinSlotReference=Optional.empty, hashJoinConjuncts=[(c_custkey#0 = o_custkey#9)], otherJoinConjuncts=[], markJoinConjuncts=[], stats=22,836.67 ), states: [rewrite_state: RewriteStateContext{rewriteState=REWRITTEN, batchId=11788}]
         |     |--LogicalProject[44] ( distinct=false, projects=[O_ORDERKEY#8, O_CUSTKEY#9, O_ORDERDATE#12], stats=72,910.6 ), states: [rewrite_state: RewriteStateContext{rewriteState=REWRITTEN, batchId=11787}]
         |     |  +--LogicalFilter[861] ( predicates=(o_orderdate#12 < 1995-03-15), stats=72,910.6 ), states: [rewrite_state: RewriteStateContext{rewriteState=REWRITTEN, batchId=11786}]
         |     |     +--LogicalOlapScan[23] ( qualified=internal.regression_test_nereids_tpch_p0.orders, alias=o, indexName=<index_not_selected>, selectedIndexId=1784297227176, preAgg=UNSET, operativeCol=[], stats=150,000, virtualColumns=[] ), states: []
         |     +--LogicalProject[31] ( distinct=false, projects=[C_CUSTKEY#0], stats=3,150 ), states: [rewrite_state: RewriteStateContext{rewriteState=REWRITTEN, batchId=11787}]
         |        +--LogicalFilter[824] ( predicates=(c_mktsegment#6 = 'BUILDING'), stats=3,150 ), states: [rewrite_state: RewriteStateContext{rewriteState=REWRITTEN, batchId=11786}]
         |           +--LogicalOlapScan[22] ( qualified=internal.regression_test_nereids_tpch_p0.customer, alias=c, indexName=<index_not_selected>, selectedIndexId=1784297227142, preAgg=UNSET, operativeCol=[], stats=15,000, virtualColumns=[] ), states: []
         +--LogicalProject[57] ( distinct=false, projects=[L_ORDERKEY#17, L_LINENUMBER#20], stats=322,890.73 ), states: [rewrite_state: RewriteStateContext{rewriteState=REWRITTEN, batchId=11787}]
            +--LogicalFilter[888] ( predicates=(l_shipdate#27 > 1995-03-15), stats=322,890.73 ), states: [rewrite_state: RewriteStateContext{rewriteState=REWRITTEN, batchId=11786}]
               +--LogicalOlapScan[25] ( qualified=internal.regression_test_nereids_tpch_p0.lineitem, alias=l, indexName=<index_not_selected>, selectedIndexId=1784297227153, preAgg=UNSET, operativeCol=[], stats=600,572, virtualColumns=[] ), states: []	LogicalResultSink[30] ( outputExprs=[c_custkey#0, o_orderkey#8, l_linenumber#20, o_orderdate#12] ), states: []
+--LogicalSort[28] ( orderKeys=[o_orderdate#12 asc null first, o_orderkey#8 asc null first, l_linenumber#20 asc null first] ), states: []
   +--LogicalProject[18] ( distinct=false, projects=[c_custkey#0, o_orderkey#8, l_linenumber#20, o_orderdate#12] ), states: []
      +--**LogicalJoin[931] ( type=INNER_JOIN, markJoinSlotReference=Optional.empty, hashJoinConjuncts=[(o_orderkey#8 = l_orderkey#17)], otherJoinConjuncts=[], markJoinConjuncts=[] ), states: []
         |--LogicalProject[57] ( distinct=false, projects=[L_ORDERKEY#17, L_LINENUMBER#20], stats=322,890.73 ), states: [rewrite_state: RewriteStateContext{rewriteState=REWRITTEN, batchId=11787}]
         |  +--LogicalFilter[888] ( predicates=(l_shipdate#27 > 1995-03-15), stats=322,890.73 ), states: [rewrite_state: RewriteStateContext{rewriteState=REWRITTEN, batchId=11786}]
         |     +--LogicalOlapScan[25] ( qualified=internal.regression_test_nereids_tpch_p0.lineitem, alias=l, indexName=<index_not_selected>, selectedIndexId=1784297227153, preAgg=UNSET, operativeCol=[], stats=600,572, virtualColumns=[] ), states: []
         +--LogicalProject[905] ( distinct=false, projects=[C_CUSTKEY#0, O_ORDERKEY#8, O_ORDERDATE#12], stats=22,836.67 ), states: [rewrite_state: RewriteStateContext{rewriteState=REWRITTEN, batchId=11788}]
            +--LogicalJoin[918] ( type=INNER_JOIN, markJoinSlotReference=Optional.empty, hashJoinConjuncts=[(c_custkey#0 = o_custkey#9)], otherJoinConjuncts=[], markJoinConjuncts=[], stats=22,836.67 ), states: [rewrite_state: RewriteStateContext{rewriteState=REWRITTEN, batchId=11788}]
               |--LogicalProject[44] ( distinct=false, projects=[O_ORDERKEY#8, O_CUSTKEY#9, O_ORDERDATE#12], stats=72,910.6 ), states: [rewrite_state: RewriteStateContext{rewriteState=REWRITTEN, batchId=11787}]
               |  +--LogicalFilter[861] ( predicates=(o_orderdate#12 < 1995-03-15), stats=72,910.6 ), states: [rewrite_state: RewriteStateContext{rewriteState=REWRITTEN, batchId=11786}]
               |     +--LogicalOlapScan[23] ( qualified=internal.regression_test_nereids_tpch_p0.orders, alias=o, indexName=<index_not_selected>, selectedIndexId=1784297227176, preAgg=UNSET, operativeCol=[], stats=150,000, virtualColumns=[] ), states: []
               +--LogicalProject[31] ( distinct=false, projects=[C_CUSTKEY#0], stats=3,150 ), states: [rewrite_state: RewriteStateContext{rewriteState=REWRITTEN, batchId=11787}]
                  +--LogicalFilter[824] ( predicates=(c_mktsegment#6 = 'BUILDING'), stats=3,150 ), states: [rewrite_state: RewriteStateContext{rewriteState=REWRITTEN, batchId=11786}]
                     +--LogicalOlapScan[22] ( qualified=internal.regression_test_nereids_tpch_p0.customer, alias=c, indexName=<index_not_selected>, selectedIndexId=1784297227142, preAgg=UNSET, operativeCol=[], stats=15,000, virtualColumns=[] ), states: []
OLAP_SCAN_TABLET_PRUNE	LogicalResultSink[30] ( outputExprs=[c_custkey#0, o_orderkey#8, l_linenumber#20, o_orderdate#12] ), states: [rewrite_state: RewriteStateContext{rewriteState=REWRITTEN, batchId=11788}]
+--LogicalSort[28] ( orderKeys=[o_orderdate#12 asc null first, o_orderkey#8 asc null first, l_linenumber#20 asc null first] ), states: [rewrite_state: RewriteStateContext{rewriteState=REWRITTEN, batchId=11788}]
   +--LogicalProject[18] ( distinct=false, projects=[c_custkey#0, o_orderkey#8, l_linenumber#20, o_orderdate#12] ), states: [rewrite_state: RewriteStateContext{rewriteState=REWRITTEN, batchId=11788}]
      +--LogicalJoin[931] ( type=INNER_JOIN, markJoinSlotReference=Optional.empty, hashJoinConjuncts=[(o_orderkey#8 = l_orderkey#17)], otherJoinConjuncts=[], markJoinConjuncts=[] ), states: [rewrite_state: RewriteStateContext{rewriteState=REWRITTEN, batchId=11788}]
         |--LogicalProject[57] ( distinct=false, projects=[L_ORDERKEY#17, L_LINENUMBER#20], stats=322,890.73 ), states: [rewrite_state: RewriteStateContext{rewriteState=REWRITTEN, batchId=11787}]
         |  +--**LogicalFilter[888] ( predicates=(l_shipdate#27 > 1995-03-15), stats=322,890.73 ), states: [rewrite_state: RewriteStateContext{rewriteState=REWRITTEN, batchId=11786}]
         |     +--LogicalOlapScan[25] ( qualified=internal.regression_test_nereids_tpch_p0.lineitem, alias=l, indexName=<index_not_selected>, selectedIndexId=1784297227153, preAgg=UNSET, operativeCol=[], stats=600,572, virtualColumns=[] ), states: []
         +--LogicalProject[905] ( distinct=false, projects=[C_CUSTKEY#0, O_ORDERKEY#8, O_ORDERDATE#12], stats=22,836.67 ), states: [rewrite_state: RewriteStateContext{rewriteState=REWRITTEN, batchId=11788}]
            +--LogicalJoin[918] ( type=INNER_JOIN, markJoinSlotReference=Optional.empty, hashJoinConjuncts=[(c_custkey#0 = o_custkey#9)], otherJoinConjuncts=[], markJoinConjuncts=[], stats=22,836.67 ), states: [rewrite_state: RewriteStateContext{rewriteState=REWRITTEN, batchId=11788}]
               |--LogicalProject[44] ( distinct=false, projects=[O_ORDERKEY#8, O_CUSTKEY#9, O_ORDERDATE#12], stats=72,910.6 ), states: [rewrite_state: RewriteStateContext{rewriteState=REWRITTEN, batchId=11787}]
               |  +--LogicalFilter[861] ( predicates=(o_orderdate#12 < 1995-03-15), stats=72,910.6 ), states: [rewrite_state: RewriteStateContext{rewriteState=REWRITTEN, batchId=11786}]
               |     +--LogicalOlapScan[23] ( qualified=internal.regression_test_nereids_tpch_p0.orders, alias=o, indexName=<index_not_selected>, selectedIndexId=1784297227176, preAgg=UNSET, operativeCol=[], stats=150,000, virtualColumns=[] ), states: []
               +--LogicalProject[31] ( distinct=false, projects=[C_CUSTKEY#0], stats=3,150 ), states: [rewrite_state: RewriteStateContext{rewriteState=REWRITTEN, batchId=11787}]
                  +--LogicalFilter[824] ( predicates=(c_mktsegment#6 = 'BUILDING'), stats=3,150 ), states: [rewrite_state: RewriteStateContext{rewriteState=REWRITTEN, batchId=11786}]
                     +--LogicalOlapScan[22] ( qualified=internal.regression_test_nereids_tpch_p0.customer, alias=c, indexName=<index_not_selected>, selectedIndexId=1784297227142, preAgg=UNSET, operativeCol=[], stats=15,000, virtualColumns=[] ), states: []	LogicalResultSink[30] ( outputExprs=[c_custkey#0, o_orderkey#8, l_linenumber#20, o_orderdate#12] ), states: []
+--LogicalSort[28] ( orderKeys=[o_orderdate#12 asc null first, o_orderkey#8 asc null first, l_linenumber#20 asc null first] ), states: []
   +--LogicalProject[18] ( distinct=false, projects=[c_custkey#0, o_orderkey#8, l_linenumber#20, o_orderdate#12] ), states: []
      +--LogicalJoin[931] ( type=INNER_JOIN, markJoinSlotReference=Optional.empty, hashJoinConjuncts=[(o_orderkey#8 = l_orderkey#17)], otherJoinConjuncts=[], markJoinConjuncts=[] ), states: []
         |--LogicalProject[57] ( distinct=false, projects=[L_ORDERKEY#17, L_LINENUMBER#20] ), states: []
         |  +--**LogicalFilter[888] ( predicates=(l_shipdate#27 > 1995-03-15) ), states: []
         |     +--LogicalOlapScan[25] ( qualified=internal.regression_test_nereids_tpch_p0.lineitem, alias=l, indexName=<index_not_selected>, selectedIndexId=1784297227153, preAgg=UNSET, operativeCol=[], virtualColumns=[] ), states: []
         +--LogicalProject[905] ( distinct=false, projects=[C_CUSTKEY#0, O_ORDERKEY#8, O_ORDERDATE#12], stats=22,836.67 ), states: [rewrite_state: RewriteStateContext{rewriteState=REWRITTEN, batchId=11788}]
            +--LogicalJoin[918] ( type=INNER_JOIN, markJoinSlotReference=Optional.empty, hashJoinConjuncts=[(c_custkey#0 = o_custkey#9)], otherJoinConjuncts=[], markJoinConjuncts=[], stats=22,836.67 ), states: [rewrite_state: RewriteStateContext{rewriteState=REWRITTEN, batchId=11788}]
               |--LogicalProject[44] ( distinct=false, projects=[O_ORDERKEY#8, O_CUSTKEY#9, O_ORDERDATE#12], stats=72,910.6 ), states: [rewrite_state: RewriteStateContext{rewriteState=REWRITTEN, batchId=11787}]
               |  +--LogicalFilter[861] ( predicates=(o_orderdate#12 < 1995-03-15), stats=72,910.6 ), states: [rewrite_state: RewriteStateContext{rewriteState=REWRITTEN, batchId=11786}]
               |     +--LogicalOlapScan[23] ( qualified=internal.regression_test_nereids_tpch_p0.orders, alias=o, indexName=<index_not_selected>, selectedIndexId=1784297227176, preAgg=UNSET, operativeCol=[], stats=150,000, virtualColumns=[] ), states: []
               +--LogicalProject[31] ( distinct=false, projects=[C_CUSTKEY#0], stats=3,150 ), states: [rewrite_state: RewriteStateContext{rewriteState=REWRITTEN, batchId=11787}]
                  +--LogicalFilter[824] ( predicates=(c_mktsegment#6 = 'BUILDING'), stats=3,150 ), states: [rewrite_state: RewriteStateContext{rewriteState=REWRITTEN, batchId=11786}]
                     +--LogicalOlapScan[22] ( qualified=internal.regression_test_nereids_tpch_p0.customer, alias=c, indexName=<index_not_selected>, selectedIndexId=1784297227142, preAgg=UNSET, operativeCol=[], stats=15,000, virtualColumns=[] ), states: []
OLAP_SCAN_TABLET_PRUNE	LogicalResultSink[30] ( outputExprs=[c_custkey#0, o_orderkey#8, l_linenumber#20, o_orderdate#12] ), states: []
+--LogicalSort[28] ( orderKeys=[o_orderdate#12 asc null first, o_orderkey#8 asc null first, l_linenumber#20 asc null first] ), states: []
   +--LogicalProject[18] ( distinct=false, projects=[c_custkey#0, o_orderkey#8, l_linenumber#20, o_orderdate#12] ), states: []
      +--LogicalJoin[931] ( type=INNER_JOIN, markJoinSlotReference=Optional.empty, hashJoinConjuncts=[(o_orderkey#8 = l_orderkey#17)], otherJoinConjuncts=[], markJoinConjuncts=[] ), states: []
         |--LogicalProject[57] ( distinct=false, projects=[L_ORDERKEY#17, L_LINENUMBER#20] ), states: []
         |  +--LogicalFilter[888] ( predicates=(l_shipdate#27 > 1995-03-15) ), states: []
         |     +--LogicalOlapScan[25] ( qualified=internal.regression_test_nereids_tpch_p0.lineitem, alias=l, indexName=<index_not_selected>, selectedIndexId=1784297227153, preAgg=UNSET, operativeCol=[], virtualColumns=[] ), states: []
         +--LogicalProject[905] ( distinct=false, projects=[C_CUSTKEY#0, O_ORDERKEY#8, O_ORDERDATE#12], stats=22,836.67 ), states: [rewrite_state: RewriteStateContext{rewriteState=REWRITTEN, batchId=11788}]
            +--LogicalJoin[918] ( type=INNER_JOIN, markJoinSlotReference=Optional.empty, hashJoinConjuncts=[(c_custkey#0 = o_custkey#9)], otherJoinConjuncts=[], markJoinConjuncts=[], stats=22,836.67 ), states: [rewrite_state: RewriteStateContext{rewriteState=REWRITTEN, batchId=11788}]
               |--LogicalProject[44] ( distinct=false, projects=[O_ORDERKEY#8, O_CUSTKEY#9, O_ORDERDATE#12], stats=72,910.6 ), states: [rewrite_state: RewriteStateContext{rewriteState=REWRITTEN, batchId=11787}]
               |  +--**LogicalFilter[861] ( predicates=(o_orderdate#12 < 1995-03-15), stats=72,910.6 ), states: [rewrite_state: RewriteStateContext{rewriteState=REWRITTEN, batchId=11786}]
               |     +--LogicalOlapScan[23] ( qualified=internal.regression_test_nereids_tpch_p0.orders, alias=o, indexName=<index_not_selected>, selectedIndexId=1784297227176, preAgg=UNSET, operativeCol=[], stats=150,000, virtualColumns=[] ), states: []
               +--LogicalProject[31] ( distinct=false, projects=[C_CUSTKEY#0], stats=3,150 ), states: [rewrite_state: RewriteStateContext{rewriteState=REWRITTEN, batchId=11787}]
                  +--LogicalFilter[824] ( predicates=(c_mktsegment#6 = 'BUILDING'), stats=3,150 ), states: [rewrite_state: RewriteStateContext{rewriteState=REWRITTEN, batchId=11786}]
                     +--LogicalOlapScan[22] ( qualified=internal.regression_test_nereids_tpch_p0.customer, alias=c, indexName=<index_not_selected>, selectedIndexId=1784297227142, preAgg=UNSET, operativeCol=[], stats=15,000, virtualColumns=[] ), states: []	LogicalResultSink[30] ( outputExprs=[c_custkey#0, o_orderkey#8, l_linenumber#20, o_orderdate#12] ), states: []
+--LogicalSort[28] ( orderKeys=[o_orderdate#12 asc null first, o_orderkey#8 asc null first, l_linenumber#20 asc null first] ), states: []
   +--LogicalProject[18] ( distinct=false, projects=[c_custkey#0, o_orderkey#8, l_linenumber#20, o_orderdate#12] ), states: []
      +--LogicalJoin[931] ( type=INNER_JOIN, markJoinSlotReference=Optional.empty, hashJoinConjuncts=[(o_orderkey#8 = l_orderkey#17)], otherJoinConjuncts=[], markJoinConjuncts=[] ), states: []
         |--LogicalProject[57] ( distinct=false, projects=[L_ORDERKEY#17, L_LINENUMBER#20] ), states: []
         |  +--LogicalFilter[888] ( predicates=(l_shipdate#27 > 1995-03-15) ), states: []
         |     +--LogicalOlapScan[25] ( qualified=internal.regression_test_nereids_tpch_p0.lineitem, alias=l, indexName=<index_not_selected>, selectedIndexId=1784297227153, preAgg=UNSET, operativeCol=[], virtualColumns=[] ), states: []
         +--LogicalProject[905] ( distinct=false, projects=[C_CUSTKEY#0, O_ORDERKEY#8, O_ORDERDATE#12] ), states: []
            +--LogicalJoin[918] ( type=INNER_JOIN, markJoinSlotReference=Optional.empty, hashJoinConjuncts=[(c_custkey#0 = o_custkey#9)], otherJoinConjuncts=[], markJoinConjuncts=[] ), states: []
               |--LogicalProject[44] ( distinct=false, projects=[O_ORDERKEY#8, O_CUSTKEY#9, O_ORDERDATE#12] ), states: []
               |  +--**LogicalFilter[861] ( predicates=(o_orderdate#12 < 1995-03-15) ), states: []
               |     +--LogicalOlapScan[23] ( qualified=internal.regression_test_nereids_tpch_p0.orders, alias=o, indexName=<index_not_selected>, selectedIndexId=1784297227176, preAgg=UNSET, operativeCol=[], virtualColumns=[] ), states: []
               +--LogicalProject[31] ( distinct=false, projects=[C_CUSTKEY#0], stats=3,150 ), states: [rewrite_state: RewriteStateContext{rewriteState=REWRITTEN, batchId=11787}]
                  +--LogicalFilter[824] ( predicates=(c_mktsegment#6 = 'BUILDING'), stats=3,150 ), states: [rewrite_state: RewriteStateContext{rewriteState=REWRITTEN, batchId=11786}]
                     +--LogicalOlapScan[22] ( qualified=internal.regression_test_nereids_tpch_p0.customer, alias=c, indexName=<index_not_selected>, selectedIndexId=1784297227142, preAgg=UNSET, operativeCol=[], stats=15,000, virtualColumns=[] ), states: []
OLAP_SCAN_TABLET_PRUNE	LogicalResultSink[30] ( outputExprs=[c_custkey#0, o_orderkey#8, l_linenumber#20, o_orderdate#12] ), states: []
+--LogicalSort[28] ( orderKeys=[o_orderdate#12 asc null first, o_orderkey#8 asc null first, l_linenumber#20 asc null first] ), states: []
   +--LogicalProject[18] ( distinct=false, projects=[c_custkey#0, o_orderkey#8, l_linenumber#20, o_orderdate#12] ), states: []
      +--LogicalJoin[931] ( type=INNER_JOIN, markJoinSlotReference=Optional.empty, hashJoinConjuncts=[(o_orderkey#8 = l_orderkey#17)], otherJoinConjuncts=[], markJoinConjuncts=[] ), states: []
         |--LogicalProject[57] ( distinct=false, projects=[L_ORDERKEY#17, L_LINENUMBER#20] ), states: []
         |  +--LogicalFilter[888] ( predicates=(l_shipdate#27 > 1995-03-15) ), states: []
         |     +--LogicalOlapScan[25] ( qualified=internal.regression_test_nereids_tpch_p0.lineitem, alias=l, indexName=<index_not_selected>, selectedIndexId=1784297227153, preAgg=UNSET, operativeCol=[], virtualColumns=[] ), states: []
         +--LogicalProject[905] ( distinct=false, projects=[C_CUSTKEY#0, O_ORDERKEY#8, O_ORDERDATE#12] ), states: []
            +--LogicalJoin[918] ( type=INNER_JOIN, markJoinSlotReference=Optional.empty, hashJoinConjuncts=[(c_custkey#0 = o_custkey#9)], otherJoinConjuncts=[], markJoinConjuncts=[] ), states: []
               |--LogicalProject[44] ( distinct=false, projects=[O_ORDERKEY#8, O_CUSTKEY#9, O_ORDERDATE#12] ), states: []
               |  +--LogicalFilter[861] ( predicates=(o_orderdate#12 < 1995-03-15) ), states: []
               |     +--LogicalOlapScan[23] ( qualified=internal.regression_test_nereids_tpch_p0.orders, alias=o, indexName=<index_not_selected>, selectedIndexId=1784297227176, preAgg=UNSET, operativeCol=[], virtualColumns=[] ), states: []
               +--LogicalProject[31] ( distinct=false, projects=[C_CUSTKEY#0], stats=3,150 ), states: [rewrite_state: RewriteStateContext{rewriteState=REWRITTEN, batchId=11787}]
                  +--**LogicalFilter[824] ( predicates=(c_mktsegment#6 = 'BUILDING'), stats=3,150 ), states: [rewrite_state: RewriteStateContext{rewriteState=REWRITTEN, batchId=11786}]
                     +--LogicalOlapScan[22] ( qualified=internal.regression_test_nereids_tpch_p0.customer, alias=c, indexName=<index_not_selected>, selectedIndexId=1784297227142, preAgg=UNSET, operativeCol=[], stats=15,000, virtualColumns=[] ), states: []	LogicalResultSink[30] ( outputExprs=[c_custkey#0, o_orderkey#8, l_linenumber#20, o_orderdate#12] ), states: []
+--LogicalSort[28] ( orderKeys=[o_orderdate#12 asc null first, o_orderkey#8 asc null first, l_linenumber#20 asc null first] ), states: []
   +--LogicalProject[18] ( distinct=false, projects=[c_custkey#0, o_orderkey#8, l_linenumber#20, o_orderdate#12] ), states: []
      +--LogicalJoin[931] ( type=INNER_JOIN, markJoinSlotReference=Optional.empty, hashJoinConjuncts=[(o_orderkey#8 = l_orderkey#17)], otherJoinConjuncts=[], markJoinConjuncts=[] ), states: []
         |--LogicalProject[57] ( distinct=false, projects=[L_ORDERKEY#17, L_LINENUMBER#20] ), states: []
         |  +--LogicalFilter[888] ( predicates=(l_shipdate#27 > 1995-03-15) ), states: []
         |     +--LogicalOlapScan[25] ( qualified=internal.regression_test_nereids_tpch_p0.lineitem, alias=l, indexName=<index_not_selected>, selectedIndexId=1784297227153, preAgg=UNSET, operativeCol=[], virtualColumns=[] ), states: []
         +--LogicalProject[905] ( distinct=false, projects=[C_CUSTKEY#0, O_ORDERKEY#8, O_ORDERDATE#12] ), states: []
            +--LogicalJoin[918] ( type=INNER_JOIN, markJoinSlotReference=Optional.empty, hashJoinConjuncts=[(c_custkey#0 = o_custkey#9)], otherJoinConjuncts=[], markJoinConjuncts=[] ), states: []
               |--LogicalProject[44] ( distinct=false, projects=[O_ORDERKEY#8, O_CUSTKEY#9, O_ORDERDATE#12] ), states: []
               |  +--LogicalFilter[861] ( predicates=(o_orderdate#12 < 1995-03-15) ), states: []
               |     +--LogicalOlapScan[23] ( qualified=internal.regression_test_nereids_tpch_p0.orders, alias=o, indexName=<index_not_selected>, selectedIndexId=1784297227176, preAgg=UNSET, operativeCol=[], virtualColumns=[] ), states: []
               +--LogicalProject[31] ( distinct=false, projects=[C_CUSTKEY#0] ), states: []
                  +--**LogicalFilter[824] ( predicates=(c_mktsegment#6 = 'BUILDING') ), states: []
                     +--LogicalOlapScan[22] ( qualified=internal.regression_test_nereids_tpch_p0.customer, alias=c, indexName=<index_not_selected>, selectedIndexId=1784297227142, preAgg=UNSET, operativeCol=[], virtualColumns=[] ), states: []
SET_PREAGG_STATUS	**LogicalResultSink[30] ( outputExprs=[c_custkey#0, o_orderkey#8, l_linenumber#20, o_orderdate#12] ), states: [rewrite_state: RewriteStateContext{rewriteState=REWRITTEN, batchId=11789}]
+--LogicalSort[28] ( orderKeys=[o_orderdate#12 asc null first, o_orderkey#8 asc null first, l_linenumber#20 asc null first] ), states: [rewrite_state: RewriteStateContext{rewriteState=REWRITTEN, batchId=11789}]
   +--LogicalProject[18] ( distinct=false, projects=[c_custkey#0, o_orderkey#8, l_linenumber#20, o_orderdate#12] ), states: [rewrite_state: RewriteStateContext{rewriteState=REWRITTEN, batchId=11789}]
      +--LogicalJoin[931] ( type=INNER_JOIN, markJoinSlotReference=Optional.empty, hashJoinConjuncts=[(o_orderkey#8 = l_orderkey#17)], otherJoinConjuncts=[], markJoinConjuncts=[] ), states: [rewrite_state: RewriteStateContext{rewriteState=REWRITTEN, batchId=11789}]
         |--LogicalProject[57] ( distinct=false, projects=[L_ORDERKEY#17, L_LINENUMBER#20] ), states: [rewrite_state: RewriteStateContext{rewriteState=REWRITTEN, batchId=11789}]
         |  +--LogicalFilter[888] ( predicates=(l_shipdate#27 > 1995-03-15) ), states: [rewrite_state: RewriteStateContext{rewriteState=REWRITTEN, batchId=11789}]
         |     +--LogicalOlapScan[25] ( qualified=internal.regression_test_nereids_tpch_p0.lineitem, alias=l, indexName=<index_not_selected>, selectedIndexId=1784297227153, preAgg=UNSET, operativeCol=[], virtualColumns=[] ), states: []
         +--LogicalProject[905] ( distinct=false, projects=[C_CUSTKEY#0, O_ORDERKEY#8, O_ORDERDATE#12] ), states: [rewrite_state: RewriteStateContext{rewriteState=REWRITTEN, batchId=11789}]
            +--LogicalJoin[918] ( type=INNER_JOIN, markJoinSlotReference=Optional.empty, hashJoinConjuncts=[(c_custkey#0 = o_custkey#9)], otherJoinConjuncts=[], markJoinConjuncts=[] ), states: [rewrite_state: RewriteStateContext{rewriteState=REWRITTEN, batchId=11789}]
               |--LogicalProject[44] ( distinct=false, projects=[O_ORDERKEY#8, O_CUSTKEY#9, O_ORDERDATE#12] ), states: [rewrite_state: RewriteStateContext{rewriteState=REWRITTEN, batchId=11789}]
               |  +--LogicalFilter[861] ( predicates=(o_orderdate#12 < 1995-03-15) ), states: [rewrite_state: RewriteStateContext{rewriteState=REWRITTEN, batchId=11789}]
               |     +--LogicalOlapScan[23] ( qualified=internal.regression_test_nereids_tpch_p0.orders, alias=o, indexName=<index_not_selected>, selectedIndexId=1784297227176, preAgg=UNSET, operativeCol=[], virtualColumns=[] ), states: []
               +--LogicalProject[31] ( distinct=false, projects=[C_CUSTKEY#0] ), states: [rewrite_state: RewriteStateContext{rewriteState=REWRITTEN, batchId=11789}]
                  +--LogicalFilter[824] ( predicates=(c_mktsegment#6 = 'BUILDING') ), states: [rewrite_state: RewriteStateContext{rewriteState=REWRITTEN, batchId=11789}]
                     +--LogicalOlapScan[22] ( qualified=internal.regression_test_nereids_tpch_p0.customer, alias=c, indexName=<index_not_selected>, selectedIndexId=1784297227142, preAgg=UNSET, operativeCol=[], virtualColumns=[] ), states: []	**LogicalResultSink[30] ( outputExprs=[c_custkey#0, o_orderkey#8, l_linenumber#20, o_orderdate#12] ), states: []
+--LogicalSort[28] ( orderKeys=[o_orderdate#12 asc null first, o_orderkey#8 asc null first, l_linenumber#20 asc null first] ), states: []
   +--LogicalProject[18] ( distinct=false, projects=[c_custkey#0, o_orderkey#8, l_linenumber#20, o_orderdate#12] ), states: []
      +--LogicalJoin[931] ( type=INNER_JOIN, markJoinSlotReference=Optional.empty, hashJoinConjuncts=[(o_orderkey#8 = l_orderkey#17)], otherJoinConjuncts=[], markJoinConjuncts=[] ), states: []
         |--LogicalProject[57] ( distinct=false, projects=[L_ORDERKEY#17, L_LINENUMBER#20] ), states: []
         |  +--LogicalFilter[888] ( predicates=(l_shipdate#27 > 1995-03-15) ), states: []
         |     +--LogicalOlapScan[25] ( qualified=internal.regression_test_nereids_tpch_p0.lineitem, alias=l, indexName=<index_not_selected>, selectedIndexId=1784297227153, preAgg=ON, operativeCol=[], virtualColumns=[] ), states: []
         +--LogicalProject[905] ( distinct=false, projects=[C_CUSTKEY#0, O_ORDERKEY#8, O_ORDERDATE#12] ), states: []
            +--LogicalJoin[918] ( type=INNER_JOIN, markJoinSlotReference=Optional.empty, hashJoinConjuncts=[(c_custkey#0 = o_custkey#9)], otherJoinConjuncts=[], markJoinConjuncts=[] ), states: []
               |--LogicalProject[44] ( distinct=false, projects=[O_ORDERKEY#8, O_CUSTKEY#9, O_ORDERDATE#12] ), states: []
               |  +--LogicalFilter[861] ( predicates=(o_orderdate#12 < 1995-03-15) ), states: []
               |     +--LogicalOlapScan[23] ( qualified=internal.regression_test_nereids_tpch_p0.orders, alias=o, indexName=<index_not_selected>, selectedIndexId=1784297227176, preAgg=ON, operativeCol=[], virtualColumns=[] ), states: []
               +--LogicalProject[31] ( distinct=false, projects=[C_CUSTKEY#0] ), states: []
                  +--LogicalFilter[824] ( predicates=(c_mktsegment#6 = 'BUILDING') ), states: []
                     +--LogicalOlapScan[22] ( qualified=internal.regression_test_nereids_tpch_p0.customer, alias=c, indexName=<index_not_selected>, selectedIndexId=1784297227142, preAgg=ON, operativeCol=[], virtualColumns=[] ), states: []
REWRITE_CTE_CHILDREN	**LogicalResultSink[30] ( outputExprs=[c_custkey#0, o_orderkey#8, l_linenumber#20, o_orderdate#12] ), states: [rewrite_state: RewriteStateContext{rewriteState=REWRITTEN, batchId=11781}]
+--LogicalSort[28] ( orderKeys=[o_orderdate#12 asc null first, o_orderkey#8 asc null first, l_linenumber#20 asc null first] ), states: [rewrite_state: RewriteStateContext{rewriteState=REWRITTEN, batchId=11781}]
   +--LogicalProject[18] ( distinct=false, projects=[c_custkey#0, o_orderkey#8, l_linenumber#20, o_orderdate#12] ), states: [rewrite_state: RewriteStateContext{rewriteState=REWRITTEN, batchId=11781}]
      +--LogicalFilter[27] ( predicates=AND[(c_mktsegment#6 = 'BUILDING'),(o_orderdate#12 < 1995-03-15),(l_shipdate#27 > 1995-03-15)] ), states: [rewrite_state: RewriteStateContext{rewriteState=REWRITTEN, batchId=11781}]
         +--LogicalJoin[26] ( type=INNER_JOIN, markJoinSlotReference=Optional.empty, hashJoinConjuncts=[], otherJoinConjuncts=[(o_orderkey#8 = l_orderkey#17)], markJoinConjuncts=[] ), states: [rewrite_state: RewriteStateContext{rewriteState=REWRITTEN, batchId=11781}]
            |--LogicalJoin[24] ( type=INNER_JOIN, markJoinSlotReference=Optional.empty, hashJoinConjuncts=[], otherJoinConjuncts=[(c_custkey#0 = o_custkey#9)], markJoinConjuncts=[] ), states: [rewrite_state: RewriteStateContext{rewriteState=REWRITTEN, batchId=11781}]
            |  |--LogicalProject[31] ( distinct=false, projects=[C_CUSTKEY#0, C_NAME#1, C_ADDRESS#2, C_NATIONKEY#3, C_PHONE#4, C_ACCTBAL#5, C_MKTSEGMENT#6, C_COMMENT#7] ), states: [rewrite_state: RewriteStateContext{rewriteState=REWRITTEN, batchId=11782}]
            |  |  +--LogicalOlapScan[22] ( qualified=internal.regression_test_nereids_tpch_p0.customer, alias=c, indexName=<index_not_selected>, selectedIndexId=1784297227142, preAgg=UNSET, operativeCol=[], stats=15,000, virtualColumns=[] ), states: []
            |  +--LogicalProject[44] ( distinct=false, projects=[O_ORDERKEY#8, O_CUSTKEY#9, O_ORDERSTATUS#10, O_TOTALPRICE#11, O_ORDERDATE#12, O_ORDERPRIORITY#13, O_CLERK#14, O_SHIPPRIORITY#15, O_COMMENT#16] ), states: [rewrite_state: RewriteStateContext{rewriteState=REWRITTEN, batchId=11782}]
            |     +--LogicalOlapScan[23] ( qualified=internal.regression_test_nereids_tpch_p0.orders, alias=o, indexName=<index_not_selected>, selectedIndexId=1784297227176, preAgg=UNSET, operativeCol=[], stats=150,000, virtualColumns=[] ), states: []
            +--LogicalProject[57] ( distinct=false, projects=[L_ORDERKEY#17, L_PARTKEY#18, L_SUPPKEY#19, L_LINENUMBER#20, L_QUANTITY#21, L_EXTENDEDPRICE#22, L_DISCOUNT#23, L_TAX#24, L_RETURNFLAG#25, L_LINESTATUS#26, L_SHIPDATE#27, L_COMMITDATE#28, L_RECEIPTDATE#29, L_SHIPINSTRUCT#30, L_SHIPMODE#31, L_COMMENT#32] ), states: [rewrite_state: RewriteStateContext{rewriteState=REWRITTEN, batchId=11782}]
               +--LogicalOlapScan[25] ( qualified=internal.regression_test_nereids_tpch_p0.lineitem, alias=l, indexName=<index_not_selected>, selectedIndexId=1784297227153, preAgg=UNSET, operativeCol=[], stats=600,572, virtualColumns=[] ), states: []	**LogicalResultSink[30] ( outputExprs=[c_custkey#0, o_orderkey#8, l_linenumber#20, o_orderdate#12] ), states: [rewrite_state: RewriteStateContext{rewriteState=REWRITTEN, batchId=11791}]
+--LogicalSort[28] ( orderKeys=[o_orderdate#12 asc null first, o_orderkey#8 asc null first, l_linenumber#20 asc null first] ), states: [rewrite_state: RewriteStateContext{rewriteState=REWRITTEN, batchId=11791}]
   +--LogicalProject[18] ( distinct=false, projects=[c_custkey#0, o_orderkey#8, l_linenumber#20, o_orderdate#12] ), states: [rewrite_state: RewriteStateContext{rewriteState=REWRITTEN, batchId=11791}]
      +--LogicalJoin[931] ( type=INNER_JOIN, markJoinSlotReference=Optional.empty, hashJoinConjuncts=[(o_orderkey#8 = l_orderkey#17)], otherJoinConjuncts=[], markJoinConjuncts=[] ), states: [rewrite_state: RewriteStateContext{rewriteState=REWRITTEN, batchId=11791}]
         |--LogicalProject[57] ( distinct=false, projects=[L_ORDERKEY#17, L_LINENUMBER#20], stats=322,890.73 ), states: [rewrite_state: RewriteStateContext{rewriteState=REWRITTEN, batchId=11791}]
         |  +--LogicalFilter[888] ( predicates=(l_shipdate#27 > 1995-03-15), stats=322,890.73 ), states: [rewrite_state: RewriteStateContext{rewriteState=REWRITTEN, batchId=11790}]
         |     +--LogicalOlapScan[25] ( qualified=internal.regression_test_nereids_tpch_p0.lineitem, alias=l, indexName=<index_not_selected>, selectedIndexId=1784297227153, preAgg=ON, operativeCol=[], stats=600,572, virtualColumns=[] ), states: []
         +--LogicalProject[905] ( distinct=false, projects=[C_CUSTKEY#0, O_ORDERKEY#8, O_ORDERDATE#12], stats=22,836.67 ), states: [rewrite_state: RewriteStateContext{rewriteState=REWRITTEN, batchId=11791}]
            +--LogicalJoin[918] ( type=INNER_JOIN, markJoinSlotReference=Optional.empty, hashJoinConjuncts=[(c_custkey#0 = o_custkey#9)], otherJoinConjuncts=[], markJoinConjuncts=[], stats=22,836.67 ), states: [rewrite_state: RewriteStateContext{rewriteState=REWRITTEN, batchId=11791}]
               |--LogicalProject[44] ( distinct=false, projects=[O_ORDERKEY#8, O_CUSTKEY#9, O_ORDERDATE#12], stats=72,910.6 ), states: [rewrite_state: RewriteStateContext{rewriteState=REWRITTEN, batchId=11791}]
               |  +--LogicalFilter[861] ( predicates=(o_orderdate#12 < 1995-03-15), stats=72,910.6 ), states: [rewrite_state: RewriteStateContext{rewriteState=REWRITTEN, batchId=11790}]
               |     +--LogicalOlapScan[23] ( qualified=internal.regression_test_nereids_tpch_p0.orders, alias=o, indexName=<index_not_selected>, selectedIndexId=1784297227176, preAgg=ON, operativeCol=[], stats=150,000, virtualColumns=[] ), states: []
               +--LogicalProject[31] ( distinct=false, projects=[C_CUSTKEY#0], stats=3,150 ), states: [rewrite_state: RewriteStateContext{rewriteState=REWRITTEN, batchId=11791}]
                  +--LogicalFilter[824] ( predicates=(c_mktsegment#6 = 'BUILDING'), stats=3,150 ), states: [rewrite_state: RewriteStateContext{rewriteState=REWRITTEN, batchId=11790}]
                     +--LogicalOlapScan[22] ( qualified=internal.regression_test_nereids_tpch_p0.customer, alias=c, indexName=<index_not_selected>, selectedIndexId=1784297227142, preAgg=ON, operativeCol=[], stats=15,000, virtualColumns=[] ), states: []
ADD_PROJECT_FOR_JOIN	**LogicalResultSink[30] ( outputExprs=[c_custkey#0, o_orderkey#8, l_linenumber#20, o_orderdate#12] ), states: [rewrite_state: RewriteStateContext{rewriteState=REWRITTEN, batchId=11794}]
+--LogicalSort[28] ( orderKeys=[o_orderdate#12 asc null first, o_orderkey#8 asc null first, l_linenumber#20 asc null first] ), states: [rewrite_state: RewriteStateContext{rewriteState=REWRITTEN, batchId=11794}]
   +--LogicalProject[18] ( distinct=false, projects=[c_custkey#0, o_orderkey#8, l_linenumber#20, o_orderdate#12] ), states: [rewrite_state: RewriteStateContext{rewriteState=REWRITTEN, batchId=11794}]
      +--LogicalJoin[931] ( type=INNER_JOIN, markJoinSlotReference=Optional.empty, hashJoinConjuncts=[(o_orderkey#8 = l_orderkey#17)], otherJoinConjuncts=[], markJoinConjuncts=[] ), states: [rewrite_state: RewriteStateContext{rewriteState=REWRITTEN, batchId=11794}]
         |--LogicalProject[57] ( distinct=false, projects=[L_ORDERKEY#17, L_LINENUMBER#20], stats=322,890.73 ), states: [rewrite_state: RewriteStateContext{rewriteState=REWRITTEN, batchId=11794}]
         |  +--LogicalFilter[888] ( predicates=(l_shipdate#27 > 1995-03-15), stats=322,890.73 ), states: [rewrite_state: RewriteStateContext{rewriteState=REWRITTEN, batchId=11794}]
         |     +--LogicalOlapScan[25] ( qualified=internal.regression_test_nereids_tpch_p0.lineitem, alias=l, indexName=<index_not_selected>, selectedIndexId=1784297227153, preAgg=ON, operativeCol=[], stats=600,572, virtualColumns=[] ), states: []
         +--LogicalProject[905] ( distinct=false, projects=[C_CUSTKEY#0, O_ORDERKEY#8, O_ORDERDATE#12], stats=22,836.67 ), states: [rewrite_state: RewriteStateContext{rewriteState=REWRITTEN, batchId=11794}]
            +--LogicalJoin[918] ( type=INNER_JOIN, markJoinSlotReference=Optional.empty, hashJoinConjuncts=[(c_custkey#0 = o_custkey#9)], otherJoinConjuncts=[], markJoinConjuncts=[], stats=22,836.67 ), states: [rewrite_state: RewriteStateContext{rewriteState=REWRITTEN, batchId=11794}]
               |--LogicalProject[44] ( distinct=false, projects=[O_ORDERKEY#8, O_CUSTKEY#9, O_ORDERDATE#12], stats=72,910.6 ), states: [rewrite_state: RewriteStateContext{rewriteState=REWRITTEN, batchId=11794}]
               |  +--LogicalFilter[861] ( predicates=(o_orderdate#12 < 1995-03-15), stats=72,910.6 ), states: [rewrite_state: RewriteStateContext{rewriteState=REWRITTEN, batchId=11794}]
               |     +--LogicalOlapScan[23] ( qualified=internal.regression_test_nereids_tpch_p0.orders, alias=o, indexName=<index_not_selected>, selectedIndexId=1784297227176, preAgg=ON, operativeCol=[], stats=150,000, virtualColumns=[] ), states: []
               +--LogicalProject[31] ( distinct=false, projects=[C_CUSTKEY#0], stats=3,150 ), states: [rewrite_state: RewriteStateContext{rewriteState=REWRITTEN, batchId=11794}]
                  +--LogicalFilter[824] ( predicates=(c_mktsegment#6 = 'BUILDING'), stats=3,150 ), states: [rewrite_state: RewriteStateContext{rewriteState=REWRITTEN, batchId=11794}]
                     +--LogicalOlapScan[22] ( qualified=internal.regression_test_nereids_tpch_p0.customer, alias=c, indexName=<index_not_selected>, selectedIndexId=1784297227142, preAgg=ON, operativeCol=[], stats=15,000, virtualColumns=[] ), states: []	**LogicalResultSink[30] ( outputExprs=[c_custkey#0, o_orderkey#8, l_linenumber#20, o_orderdate#12] ), states: []
+--LogicalSort[28] ( orderKeys=[o_orderdate#12 asc null first, o_orderkey#8 asc null first, l_linenumber#20 asc null first] ), states: []
   +--LogicalProject[18] ( distinct=false, projects=[c_custkey#0, o_orderkey#8, l_linenumber#20, o_orderdate#12] ), states: []
      +--LogicalProject[1005] ( distinct=false, projects=[L_ORDERKEY#17, L_LINENUMBER#20, C_CUSTKEY#0, O_ORDERKEY#8, O_ORDERDATE#12] ), states: []
         +--LogicalJoin[931] ( type=INNER_JOIN, markJoinSlotReference=Optional.empty, hashJoinConjuncts=[(o_orderkey#8 = l_orderkey#17)], otherJoinConjuncts=[], markJoinConjuncts=[] ), states: []
            |--LogicalProject[57] ( distinct=false, projects=[L_ORDERKEY#17, L_LINENUMBER#20], stats=322,890.73 ), states: [rewrite_state: RewriteStateContext{rewriteState=REWRITTEN, batchId=11794}]
            |  +--LogicalFilter[888] ( predicates=(l_shipdate#27 > 1995-03-15), stats=322,890.73 ), states: [rewrite_state: RewriteStateContext{rewriteState=REWRITTEN, batchId=11794}]
            |     +--LogicalOlapScan[25] ( qualified=internal.regression_test_nereids_tpch_p0.lineitem, alias=l, indexName=<index_not_selected>, selectedIndexId=1784297227153, preAgg=ON, operativeCol=[], stats=600,572, virtualColumns=[] ), states: []
            +--LogicalProject[905] ( distinct=false, projects=[C_CUSTKEY#0, O_ORDERKEY#8, O_ORDERDATE#12] ), states: []
               +--LogicalProject[1004] ( distinct=false, projects=[O_ORDERKEY#8, O_CUSTKEY#9, O_ORDERDATE#12, C_CUSTKEY#0] ), states: []
                  +--LogicalJoin[918] ( type=INNER_JOIN, markJoinSlotReference=Optional.empty, hashJoinConjuncts=[(c_custkey#0 = o_custkey#9)], otherJoinConjuncts=[], markJoinConjuncts=[], stats=22,836.67 ), states: [rewrite_state: RewriteStateContext{rewriteState=REWRITTEN, batchId=11794}]
                     |--LogicalProject[44] ( distinct=false, projects=[O_ORDERKEY#8, O_CUSTKEY#9, O_ORDERDATE#12], stats=72,910.6 ), states: [rewrite_state: RewriteStateContext{rewriteState=REWRITTEN, batchId=11794}]
                     |  +--LogicalFilter[861] ( predicates=(o_orderdate#12 < 1995-03-15), stats=72,910.6 ), states: [rewrite_state: RewriteStateContext{rewriteState=REWRITTEN, batchId=11794}]
                     |     +--LogicalOlapScan[23] ( qualified=internal.regression_test_nereids_tpch_p0.orders, alias=o, indexName=<index_not_selected>, selectedIndexId=1784297227176, preAgg=ON, operativeCol=[], stats=150,000, virtualColumns=[] ), states: []
                     +--LogicalProject[31] ( distinct=false, projects=[C_CUSTKEY#0], stats=3,150 ), states: [rewrite_state: RewriteStateContext{rewriteState=REWRITTEN, batchId=11794}]
                        +--LogicalFilter[824] ( predicates=(c_mktsegment#6 = 'BUILDING'), stats=3,150 ), states: [rewrite_state: RewriteStateContext{rewriteState=REWRITTEN, batchId=11794}]
                           +--LogicalOlapScan[22] ( qualified=internal.regression_test_nereids_tpch_p0.customer, alias=c, indexName=<index_not_selected>, selectedIndexId=1784297227142, preAgg=ON, operativeCol=[], stats=15,000, virtualColumns=[] ), states: []
MERGE_PROJECTS	LogicalResultSink[30] ( outputExprs=[c_custkey#0, o_orderkey#8, l_linenumber#20, o_orderdate#12] ), states: []
+--LogicalSort[28] ( orderKeys=[o_orderdate#12 asc null first, o_orderkey#8 asc null first, l_linenumber#20 asc null first] ), states: []
   +--**LogicalProject[18] ( distinct=false, projects=[c_custkey#0, o_orderkey#8, l_linenumber#20, o_orderdate#12] ), states: []
      +--LogicalProject[1005] ( distinct=false, projects=[L_ORDERKEY#17, L_LINENUMBER#20, C_CUSTKEY#0, O_ORDERKEY#8, O_ORDERDATE#12] ), states: []
         +--LogicalJoin[931] ( type=INNER_JOIN, markJoinSlotReference=Optional.empty, hashJoinConjuncts=[(o_orderkey#8 = l_orderkey#17)], otherJoinConjuncts=[], markJoinConjuncts=[] ), states: []
            |--LogicalProject[57] ( distinct=false, projects=[L_ORDERKEY#17, L_LINENUMBER#20], stats=322,890.73 ), states: [rewrite_state: RewriteStateContext{rewriteState=REWRITTEN, batchId=11794}]
            |  +--LogicalFilter[888] ( predicates=(l_shipdate#27 > 1995-03-15), stats=322,890.73 ), states: [rewrite_state: RewriteStateContext{rewriteState=REWRITTEN, batchId=11794}]
            |     +--LogicalOlapScan[25] ( qualified=internal.regression_test_nereids_tpch_p0.lineitem, alias=l, indexName=<index_not_selected>, selectedIndexId=1784297227153, preAgg=ON, operativeCol=[], stats=600,572, virtualColumns=[] ), states: []
            +--LogicalProject[905] ( distinct=false, projects=[C_CUSTKEY#0, O_ORDERKEY#8, O_ORDERDATE#12] ), states: []
               +--LogicalProject[1004] ( distinct=false, projects=[O_ORDERKEY#8, O_CUSTKEY#9, O_ORDERDATE#12, C_CUSTKEY#0] ), states: []
                  +--LogicalJoin[918] ( type=INNER_JOIN, markJoinSlotReference=Optional.empty, hashJoinConjuncts=[(c_custkey#0 = o_custkey#9)], otherJoinConjuncts=[], markJoinConjuncts=[], stats=22,836.67 ), states: [rewrite_state: RewriteStateContext{rewriteState=REWRITTEN, batchId=11794}]
                     |--LogicalProject[44] ( distinct=false, projects=[O_ORDERKEY#8, O_CUSTKEY#9, O_ORDERDATE#12], stats=72,910.6 ), states: [rewrite_state: RewriteStateContext{rewriteState=REWRITTEN, batchId=11794}]
                     |  +--LogicalFilter[861] ( predicates=(o_orderdate#12 < 1995-03-15), stats=72,910.6 ), states: [rewrite_state: RewriteStateContext{rewriteState=REWRITTEN, batchId=11794}]
                     |     +--LogicalOlapScan[23] ( qualified=internal.regression_test_nereids_tpch_p0.orders, alias=o, indexName=<index_not_selected>, selectedIndexId=1784297227176, preAgg=ON, operativeCol=[], stats=150,000, virtualColumns=[] ), states: []
                     +--LogicalProject[31] ( distinct=false, projects=[C_CUSTKEY#0], stats=3,150 ), states: [rewrite_state: RewriteStateContext{rewriteState=REWRITTEN, batchId=11794}]
                        +--LogicalFilter[824] ( predicates=(c_mktsegment#6 = 'BUILDING'), stats=3,150 ), states: [rewrite_state: RewriteStateContext{rewriteState=REWRITTEN, batchId=11794}]
                           +--LogicalOlapScan[22] ( qualified=internal.regression_test_nereids_tpch_p0.customer, alias=c, indexName=<index_not_selected>, selectedIndexId=1784297227142, preAgg=ON, operativeCol=[], stats=15,000, virtualColumns=[] ), states: []	LogicalResultSink[30] ( outputExprs=[c_custkey#0, o_orderkey#8, l_linenumber#20, o_orderdate#12] ), states: []
+--LogicalSort[28] ( orderKeys=[o_orderdate#12 asc null first, o_orderkey#8 asc null first, l_linenumber#20 asc null first] ), states: []
   +--**LogicalProject[1005] ( distinct=false, projects=[c_custkey#0, o_orderkey#8, l_linenumber#20, o_orderdate#12] ), states: []
      +--LogicalJoin[931] ( type=INNER_JOIN, markJoinSlotReference=Optional.empty, hashJoinConjuncts=[(o_orderkey#8 = l_orderkey#17)], otherJoinConjuncts=[], markJoinConjuncts=[] ), states: []
         |--LogicalProject[57] ( distinct=false, projects=[L_ORDERKEY#17, L_LINENUMBER#20], stats=322,890.73 ), states: [rewrite_state: RewriteStateContext{rewriteState=REWRITTEN, batchId=11794}]
         |  +--LogicalFilter[888] ( predicates=(l_shipdate#27 > 1995-03-15), stats=322,890.73 ), states: [rewrite_state: RewriteStateContext{rewriteState=REWRITTEN, batchId=11794}]
         |     +--LogicalOlapScan[25] ( qualified=internal.regression_test_nereids_tpch_p0.lineitem, alias=l, indexName=<index_not_selected>, selectedIndexId=1784297227153, preAgg=ON, operativeCol=[], stats=600,572, virtualColumns=[] ), states: []
         +--LogicalProject[905] ( distinct=false, projects=[C_CUSTKEY#0, O_ORDERKEY#8, O_ORDERDATE#12] ), states: []
            +--LogicalProject[1004] ( distinct=false, projects=[O_ORDERKEY#8, O_CUSTKEY#9, O_ORDERDATE#12, C_CUSTKEY#0] ), states: []
               +--LogicalJoin[918] ( type=INNER_JOIN, markJoinSlotReference=Optional.empty, hashJoinConjuncts=[(c_custkey#0 = o_custkey#9)], otherJoinConjuncts=[], markJoinConjuncts=[], stats=22,836.67 ), states: [rewrite_state: RewriteStateContext{rewriteState=REWRITTEN, batchId=11794}]
                  |--LogicalProject[44] ( distinct=false, projects=[O_ORDERKEY#8, O_CUSTKEY#9, O_ORDERDATE#12], stats=72,910.6 ), states: [rewrite_state: RewriteStateContext{rewriteState=REWRITTEN, batchId=11794}]
                  |  +--LogicalFilter[861] ( predicates=(o_orderdate#12 < 1995-03-15), stats=72,910.6 ), states: [rewrite_state: RewriteStateContext{rewriteState=REWRITTEN, batchId=11794}]
                  |     +--LogicalOlapScan[23] ( qualified=internal.regression_test_nereids_tpch_p0.orders, alias=o, indexName=<index_not_selected>, selectedIndexId=1784297227176, preAgg=ON, operativeCol=[], stats=150,000, virtualColumns=[] ), states: []
                  +--LogicalProject[31] ( distinct=false, projects=[C_CUSTKEY#0], stats=3,150 ), states: [rewrite_state: RewriteStateContext{rewriteState=REWRITTEN, batchId=11794}]
                     +--LogicalFilter[824] ( predicates=(c_mktsegment#6 = 'BUILDING'), stats=3,150 ), states: [rewrite_state: RewriteStateContext{rewriteState=REWRITTEN, batchId=11794}]
                        +--LogicalOlapScan[22] ( qualified=internal.regression_test_nereids_tpch_p0.customer, alias=c, indexName=<index_not_selected>, selectedIndexId=1784297227142, preAgg=ON, operativeCol=[], stats=15,000, virtualColumns=[] ), states: []
MERGE_PROJECTS	LogicalResultSink[30] ( outputExprs=[c_custkey#0, o_orderkey#8, l_linenumber#20, o_orderdate#12] ), states: []
+--LogicalSort[28] ( orderKeys=[o_orderdate#12 asc null first, o_orderkey#8 asc null first, l_linenumber#20 asc null first] ), states: []
   +--LogicalProject[1005] ( distinct=false, projects=[c_custkey#0, o_orderkey#8, l_linenumber#20, o_orderdate#12] ), states: []
      +--LogicalJoin[931] ( type=INNER_JOIN, markJoinSlotReference=Optional.empty, hashJoinConjuncts=[(o_orderkey#8 = l_orderkey#17)], otherJoinConjuncts=[], markJoinConjuncts=[] ), states: []
         |--LogicalProject[57] ( distinct=false, projects=[L_ORDERKEY#17, L_LINENUMBER#20], stats=322,890.73 ), states: [rewrite_state: RewriteStateContext{rewriteState=REWRITTEN, batchId=11794}]
         |  +--LogicalFilter[888] ( predicates=(l_shipdate#27 > 1995-03-15), stats=322,890.73 ), states: [rewrite_state: RewriteStateContext{rewriteState=REWRITTEN, batchId=11794}]
         |     +--LogicalOlapScan[25] ( qualified=internal.regression_test_nereids_tpch_p0.lineitem, alias=l, indexName=<index_not_selected>, selectedIndexId=1784297227153, preAgg=ON, operativeCol=[], stats=600,572, virtualColumns=[] ), states: []
         +--**LogicalProject[905] ( distinct=false, projects=[C_CUSTKEY#0, O_ORDERKEY#8, O_ORDERDATE#12] ), states: []
            +--LogicalProject[1004] ( distinct=false, projects=[O_ORDERKEY#8, O_CUSTKEY#9, O_ORDERDATE#12, C_CUSTKEY#0] ), states: []
               +--LogicalJoin[918] ( type=INNER_JOIN, markJoinSlotReference=Optional.empty, hashJoinConjuncts=[(c_custkey#0 = o_custkey#9)], otherJoinConjuncts=[], markJoinConjuncts=[], stats=22,836.67 ), states: [rewrite_state: RewriteStateContext{rewriteState=REWRITTEN, batchId=11794}]
                  |--LogicalProject[44] ( distinct=false, projects=[O_ORDERKEY#8, O_CUSTKEY#9, O_ORDERDATE#12], stats=72,910.6 ), states: [rewrite_state: RewriteStateContext{rewriteState=REWRITTEN, batchId=11794}]
                  |  +--LogicalFilter[861] ( predicates=(o_orderdate#12 < 1995-03-15), stats=72,910.6 ), states: [rewrite_state: RewriteStateContext{rewriteState=REWRITTEN, batchId=11794}]
                  |     +--LogicalOlapScan[23] ( qualified=internal.regression_test_nereids_tpch_p0.orders, alias=o, indexName=<index_not_selected>, selectedIndexId=1784297227176, preAgg=ON, operativeCol=[], stats=150,000, virtualColumns=[] ), states: []
                  +--LogicalProject[31] ( distinct=false, projects=[C_CUSTKEY#0], stats=3,150 ), states: [rewrite_state: RewriteStateContext{rewriteState=REWRITTEN, batchId=11794}]
                     +--LogicalFilter[824] ( predicates=(c_mktsegment#6 = 'BUILDING'), stats=3,150 ), states: [rewrite_state: RewriteStateContext{rewriteState=REWRITTEN, batchId=11794}]
                        +--LogicalOlapScan[22] ( qualified=internal.regression_test_nereids_tpch_p0.customer, alias=c, indexName=<index_not_selected>, selectedIndexId=1784297227142, preAgg=ON, operativeCol=[], stats=15,000, virtualColumns=[] ), states: []	LogicalResultSink[30] ( outputExprs=[c_custkey#0, o_orderkey#8, l_linenumber#20, o_orderdate#12] ), states: []
+--LogicalSort[28] ( orderKeys=[o_orderdate#12 asc null first, o_orderkey#8 asc null first, l_linenumber#20 asc null first] ), states: []
   +--LogicalProject[1005] ( distinct=false, projects=[c_custkey#0, o_orderkey#8, l_linenumber#20, o_orderdate#12] ), states: []
      +--LogicalJoin[931] ( type=INNER_JOIN, markJoinSlotReference=Optional.empty, hashJoinConjuncts=[(o_orderkey#8 = l_orderkey#17)], otherJoinConjuncts=[], markJoinConjuncts=[] ), states: []
         |--LogicalProject[57] ( distinct=false, projects=[L_ORDERKEY#17, L_LINENUMBER#20], stats=322,890.73 ), states: [rewrite_state: RewriteStateContext{rewriteState=REWRITTEN, batchId=11794}]
         |  +--LogicalFilter[888] ( predicates=(l_shipdate#27 > 1995-03-15), stats=322,890.73 ), states: [rewrite_state: RewriteStateContext{rewriteState=REWRITTEN, batchId=11794}]
         |     +--LogicalOlapScan[25] ( qualified=internal.regression_test_nereids_tpch_p0.lineitem, alias=l, indexName=<index_not_selected>, selectedIndexId=1784297227153, preAgg=ON, operativeCol=[], stats=600,572, virtualColumns=[] ), states: []
         +--**LogicalProject[1004] ( distinct=false, projects=[C_CUSTKEY#0, O_ORDERKEY#8, O_ORDERDATE#12] ), states: []
            +--LogicalJoin[918] ( type=INNER_JOIN, markJoinSlotReference=Optional.empty, hashJoinConjuncts=[(c_custkey#0 = o_custkey#9)], otherJoinConjuncts=[], markJoinConjuncts=[], stats=22,836.67 ), states: [rewrite_state: RewriteStateContext{rewriteState=REWRITTEN, batchId=11794}]
               |--LogicalProject[44] ( distinct=false, projects=[O_ORDERKEY#8, O_CUSTKEY#9, O_ORDERDATE#12], stats=72,910.6 ), states: [rewrite_state: RewriteStateContext{rewriteState=REWRITTEN, batchId=11794}]
               |  +--LogicalFilter[861] ( predicates=(o_orderdate#12 < 1995-03-15), stats=72,910.6 ), states: [rewrite_state: RewriteStateContext{rewriteState=REWRITTEN, batchId=11794}]
               |     +--LogicalOlapScan[23] ( qualified=internal.regression_test_nereids_tpch_p0.orders, alias=o, indexName=<index_not_selected>, selectedIndexId=1784297227176, preAgg=ON, operativeCol=[], stats=150,000, virtualColumns=[] ), states: []
               +--LogicalProject[31] ( distinct=false, projects=[C_CUSTKEY#0], stats=3,150 ), states: [rewrite_state: RewriteStateContext{rewriteState=REWRITTEN, batchId=11794}]
                  +--LogicalFilter[824] ( predicates=(c_mktsegment#6 = 'BUILDING'), stats=3,150 ), states: [rewrite_state: RewriteStateContext{rewriteState=REWRITTEN, batchId=11794}]
                     +--LogicalOlapScan[22] ( qualified=internal.regression_test_nereids_tpch_p0.customer, alias=c, indexName=<index_not_selected>, selectedIndexId=1784297227142, preAgg=ON, operativeCol=[], stats=15,000, virtualColumns=[] ), states: []
OPERATIVE_COLUMN_DERIVE	**LogicalResultSink[30] ( outputExprs=[c_custkey#0, o_orderkey#8, l_linenumber#20, o_orderdate#12] ), states: [rewrite_state: RewriteStateContext{rewriteState=REWRITTEN, batchId=11795}]
+--LogicalSort[28] ( orderKeys=[o_orderdate#12 asc null first, o_orderkey#8 asc null first, l_linenumber#20 asc null first] ), states: [rewrite_state: RewriteStateContext{rewriteState=REWRITTEN, batchId=11795}]
   +--LogicalProject[1005] ( distinct=false, projects=[c_custkey#0, o_orderkey#8, l_linenumber#20, o_orderdate#12] ), states: [rewrite_state: RewriteStateContext{rewriteState=REWRITTEN, batchId=11795}]
      +--LogicalJoin[931] ( type=INNER_JOIN, markJoinSlotReference=Optional.empty, hashJoinConjuncts=[(o_orderkey#8 = l_orderkey#17)], otherJoinConjuncts=[], markJoinConjuncts=[] ), states: [rewrite_state: RewriteStateContext{rewriteState=REWRITTEN, batchId=11795}]
         |--LogicalProject[57] ( distinct=false, projects=[L_ORDERKEY#17, L_LINENUMBER#20], stats=322,890.73 ), states: [rewrite_state: RewriteStateContext{rewriteState=REWRITTEN, batchId=11795}]
         |  +--LogicalFilter[888] ( predicates=(l_shipdate#27 > 1995-03-15), stats=322,890.73 ), states: [rewrite_state: RewriteStateContext{rewriteState=REWRITTEN, batchId=11795}]
         |     +--LogicalOlapScan[25] ( qualified=internal.regression_test_nereids_tpch_p0.lineitem, alias=l, indexName=<index_not_selected>, selectedIndexId=1784297227153, preAgg=ON, operativeCol=[], stats=600,572, virtualColumns=[] ), states: [rewrite_state: RewriteStateContext{rewriteState=REWRITTEN, batchId=11795}]
         +--LogicalProject[1004] ( distinct=false, projects=[C_CUSTKEY#0, O_ORDERKEY#8, O_ORDERDATE#12] ), states: [rewrite_state: RewriteStateContext{rewriteState=REWRITTEN, batchId=11795}]
            +--LogicalJoin[918] ( type=INNER_JOIN, markJoinSlotReference=Optional.empty, hashJoinConjuncts=[(c_custkey#0 = o_custkey#9)], otherJoinConjuncts=[], markJoinConjuncts=[] ), states: [rewrite_state: RewriteStateContext{rewriteState=REWRITTEN, batchId=11795}]
               |--LogicalProject[44] ( distinct=false, projects=[O_ORDERKEY#8, O_CUSTKEY#9, O_ORDERDATE#12], stats=72,910.6 ), states: [rewrite_state: RewriteStateContext{rewriteState=REWRITTEN, batchId=11795}]
               |  +--LogicalFilter[861] ( predicates=(o_orderdate#12 < 1995-03-15), stats=72,910.6 ), states: [rewrite_state: RewriteStateContext{rewriteState=REWRITTEN, batchId=11795}]
               |     +--LogicalOlapScan[23] ( qualified=internal.regression_test_nereids_tpch_p0.orders, alias=o, indexName=<index_not_selected>, selectedIndexId=1784297227176, preAgg=ON, operativeCol=[], stats=150,000, virtualColumns=[] ), states: [rewrite_state: RewriteStateContext{rewriteState=REWRITTEN, batchId=11795}]
               +--LogicalProject[31] ( distinct=false, projects=[C_CUSTKEY#0], stats=3,150 ), states: [rewrite_state: RewriteStateContext{rewriteState=REWRITTEN, batchId=11795}]
                  +--LogicalFilter[824] ( predicates=(c_mktsegment#6 = 'BUILDING'), stats=3,150 ), states: [rewrite_state: RewriteStateContext{rewriteState=REWRITTEN, batchId=11795}]
                     +--LogicalOlapScan[22] ( qualified=internal.regression_test_nereids_tpch_p0.customer, alias=c, indexName=<index_not_selected>, selectedIndexId=1784297227142, preAgg=ON, operativeCol=[], stats=15,000, virtualColumns=[] ), states: [rewrite_state: RewriteStateContext{rewriteState=REWRITTEN, batchId=11795}]	**LogicalResultSink[30] ( outputExprs=[c_custkey#0, o_orderkey#8, l_linenumber#20, o_orderdate#12] ), states: []
+--LogicalSort[28] ( orderKeys=[o_orderdate#12 asc null first, o_orderkey#8 asc null first, l_linenumber#20 asc null first] ), states: []
   +--LogicalProject[1005] ( distinct=false, projects=[c_custkey#0, o_orderkey#8, l_linenumber#20, o_orderdate#12] ), states: []
      +--LogicalJoin[931] ( type=INNER_JOIN, markJoinSlotReference=Optional.empty, hashJoinConjuncts=[(o_orderkey#8 = l_orderkey#17)], otherJoinConjuncts=[], markJoinConjuncts=[] ), states: []
         |--LogicalProject[57] ( distinct=false, projects=[L_ORDERKEY#17, L_LINENUMBER#20] ), states: []
         |  +--LogicalFilter[888] ( predicates=(l_shipdate#27 > 1995-03-15) ), states: []
         |     +--LogicalOlapScan[25] ( qualified=internal.regression_test_nereids_tpch_p0.lineitem, alias=l, indexName=<index_not_selected>, selectedIndexId=1784297227153, preAgg=ON, operativeCol=[L_ORDERKEY#17, L_LINENUMBER#20, L_SHIPDATE#27], virtualColumns=[] ), states: []
         +--LogicalProject[1004] ( distinct=false, projects=[C_CUSTKEY#0, O_ORDERKEY#8, O_ORDERDATE#12] ), states: []
            +--LogicalJoin[918] ( type=INNER_JOIN, markJoinSlotReference=Optional.empty, hashJoinConjuncts=[(c_custkey#0 = o_custkey#9)], otherJoinConjuncts=[], markJoinConjuncts=[] ), states: []
               |--LogicalProject[44] ( distinct=false, projects=[O_ORDERKEY#8, O_CUSTKEY#9, O_ORDERDATE#12] ), states: []
               |  +--LogicalFilter[861] ( predicates=(o_orderdate#12 < 1995-03-15) ), states: []
               |     +--LogicalOlapScan[23] ( qualified=internal.regression_test_nereids_tpch_p0.orders, alias=o, indexName=<index_not_selected>, selectedIndexId=1784297227176, preAgg=ON, operativeCol=[O_ORDERKEY#8, O_CUSTKEY#9, O_ORDERDATE#12], virtualColumns=[] ), states: []
               +--LogicalProject[31] ( distinct=false, projects=[C_CUSTKEY#0] ), states: []
                  +--LogicalFilter[824] ( predicates=(c_mktsegment#6 = 'BUILDING') ), states: []
                     +--LogicalOlapScan[22] ( qualified=internal.regression_test_nereids_tpch_p0.customer, alias=c, indexName=<index_not_selected>, selectedIndexId=1784297227142, preAgg=ON, operativeCol=[C_CUSTKEY#0, C_MKTSEGMENT#6], virtualColumns=[] ), states: []
REWRITE_CTE_CHILDREN	**LogicalResultSink[30] ( outputExprs=[c_custkey#0, o_orderkey#8, l_linenumber#20, o_orderdate#12] ), states: [rewrite_state: RewriteStateContext{rewriteState=REWRITTEN, batchId=11794}]
+--LogicalSort[28] ( orderKeys=[o_orderdate#12 asc null first, o_orderkey#8 asc null first, l_linenumber#20 asc null first] ), states: [rewrite_state: RewriteStateContext{rewriteState=REWRITTEN, batchId=11794}]
   +--LogicalProject[18] ( distinct=false, projects=[c_custkey#0, o_orderkey#8, l_linenumber#20, o_orderdate#12] ), states: [rewrite_state: RewriteStateContext{rewriteState=REWRITTEN, batchId=11794}]
      +--LogicalJoin[931] ( type=INNER_JOIN, markJoinSlotReference=Optional.empty, hashJoinConjuncts=[(o_orderkey#8 = l_orderkey#17)], otherJoinConjuncts=[], markJoinConjuncts=[] ), states: [rewrite_state: RewriteStateContext{rewriteState=REWRITTEN, batchId=11794}]
         |--LogicalProject[57] ( distinct=false, projects=[L_ORDERKEY#17, L_LINENUMBER#20], stats=322,890.73 ), states: [rewrite_state: RewriteStateContext{rewriteState=REWRITTEN, batchId=11795}]
         |  +--LogicalFilter[888] ( predicates=(l_shipdate#27 > 1995-03-15), stats=322,890.73 ), states: [rewrite_state: RewriteStateContext{rewriteState=REWRITTEN, batchId=11795}]
         |     +--LogicalOlapScan[25] ( qualified=internal.regression_test_nereids_tpch_p0.lineitem, alias=l, indexName=<index_not_selected>, selectedIndexId=1784297227153, preAgg=ON, operativeCol=[], stats=600,572, virtualColumns=[] ), states: [rewrite_state: RewriteStateContext{rewriteState=REWRITTEN, batchId=11795}]
         +--LogicalProject[905] ( distinct=false, projects=[C_CUSTKEY#0, O_ORDERKEY#8, O_ORDERDATE#12], stats=22,836.67 ), states: [rewrite_state: RewriteStateContext{rewriteState=REWRITTEN, batchId=11794}]
            +--LogicalJoin[918] ( type=INNER_JOIN, markJoinSlotReference=Optional.empty, hashJoinConjuncts=[(c_custkey#0 = o_custkey#9)], otherJoinConjuncts=[], markJoinConjuncts=[], stats=22,836.67 ), states: [rewrite_state: RewriteStateContext{rewriteState=REWRITTEN, batchId=11794}]
               |--LogicalProject[44] ( distinct=false, projects=[O_ORDERKEY#8, O_CUSTKEY#9, O_ORDERDATE#12], stats=72,910.6 ), states: [rewrite_state: RewriteStateContext{rewriteState=REWRITTEN, batchId=11795}]
               |  +--LogicalFilter[861] ( predicates=(o_orderdate#12 < 1995-03-15), stats=72,910.6 ), states: [rewrite_state: RewriteStateContext{rewriteState=REWRITTEN, batchId=11795}]
               |     +--LogicalOlapScan[23] ( qualified=internal.regression_test_nereids_tpch_p0.orders, alias=o, indexName=<index_not_selected>, selectedIndexId=1784297227176, preAgg=ON, operativeCol=[], stats=150,000, virtualColumns=[] ), states: [rewrite_state: RewriteStateContext{rewriteState=REWRITTEN, batchId=11795}]
               +--LogicalProject[31] ( distinct=false, projects=[C_CUSTKEY#0], stats=3,150 ), states: [rewrite_state: RewriteStateContext{rewriteState=REWRITTEN, batchId=11795}]
                  +--LogicalFilter[824] ( predicates=(c_mktsegment#6 = 'BUILDING'), stats=3,150 ), states: [rewrite_state: RewriteStateContext{rewriteState=REWRITTEN, batchId=11795}]
                     +--LogicalOlapScan[22] ( qualified=internal.regression_test_nereids_tpch_p0.customer, alias=c, indexName=<index_not_selected>, selectedIndexId=1784297227142, preAgg=ON, operativeCol=[], stats=15,000, virtualColumns=[] ), states: [rewrite_state: RewriteStateContext{rewriteState=REWRITTEN, batchId=11795}]	**LogicalResultSink[30] ( outputExprs=[c_custkey#0, o_orderkey#8, l_linenumber#20, o_orderdate#12] ), states: []
+--LogicalSort[28] ( orderKeys=[o_orderdate#12 asc null first, o_orderkey#8 asc null first, l_linenumber#20 asc null first] ), states: []
   +--LogicalProject[1005] ( distinct=false, projects=[c_custkey#0, o_orderkey#8, l_linenumber#20, o_orderdate#12] ), states: []
      +--LogicalJoin[931] ( type=INNER_JOIN, markJoinSlotReference=Optional.empty, hashJoinConjuncts=[(o_orderkey#8 = l_orderkey#17)], otherJoinConjuncts=[], markJoinConjuncts=[] ), states: []
         |--LogicalProject[57] ( distinct=false, projects=[L_ORDERKEY#17, L_LINENUMBER#20] ), states: []
         |  +--LogicalFilter[888] ( predicates=(l_shipdate#27 > 1995-03-15) ), states: []
         |     +--LogicalOlapScan[25] ( qualified=internal.regression_test_nereids_tpch_p0.lineitem, alias=l, indexName=<index_not_selected>, selectedIndexId=1784297227153, preAgg=ON, operativeCol=[L_ORDERKEY#17, L_LINENUMBER#20, L_SHIPDATE#27], virtualColumns=[] ), states: []
         +--LogicalProject[1004] ( distinct=false, projects=[C_CUSTKEY#0, O_ORDERKEY#8, O_ORDERDATE#12] ), states: []
            +--LogicalJoin[918] ( type=INNER_JOIN, markJoinSlotReference=Optional.empty, hashJoinConjuncts=[(c_custkey#0 = o_custkey#9)], otherJoinConjuncts=[], markJoinConjuncts=[] ), states: []
               |--LogicalProject[44] ( distinct=false, projects=[O_ORDERKEY#8, O_CUSTKEY#9, O_ORDERDATE#12] ), states: []
               |  +--LogicalFilter[861] ( predicates=(o_orderdate#12 < 1995-03-15) ), states: []
               |     +--LogicalOlapScan[23] ( qualified=internal.regression_test_nereids_tpch_p0.orders, alias=o, indexName=<index_not_selected>, selectedIndexId=1784297227176, preAgg=ON, operativeCol=[O_ORDERKEY#8, O_CUSTKEY#9, O_ORDERDATE#12], virtualColumns=[] ), states: []
               +--LogicalProject[31] ( distinct=false, projects=[C_CUSTKEY#0] ), states: []
                  +--LogicalFilter[824] ( predicates=(c_mktsegment#6 = 'BUILDING') ), states: []
                     +--LogicalOlapScan[22] ( qualified=internal.regression_test_nereids_tpch_p0.customer, alias=c, indexName=<index_not_selected>, selectedIndexId=1784297227142, preAgg=ON, operativeCol=[C_CUSTKEY#0, C_MKTSEGMENT#6], virtualColumns=[] ), states: []
